,IG_OAS,HY_OAS,HY_IG_Spread
2023-05-08,1.49,4.72,322.99999999999994
2023-05-09,1.49,4.74,325.0
2023-05-10,1.49,4.78,329.0
2023-05-11,1.49,4.81,331.99999999999994
2023-05-12,1.48,4.76,328.0
2023-05-15,1.49,4.77,327.99999999999994
2023-05-16,1.49,4.79,330.0
2023-05-17,1.49,4.75,326.0
2023-05-18,1.47,4.69,322.00000000000006
2023-05-19,1.45,4.62,317.0
2023-05-22,1.44,4.54,310.0
2023-05-23,1.44,4.6,315.99999999999994
2023-05-24,1.44,4.68,324.0
2023-05-25,1.42,4.58,316.0
2023-05-26,1.41,4.53,312.0
2023-05-29,1.41,4.54,313.0
2023-05-30,1.4,4.58,318.0
2023-05-31,1.42,4.69,327.00000000000006
2023-06-01,1.42,4.65,323.00000000000006
2023-06-02,1.39,4.37,298.00000000000006
2023-06-05,1.39,4.39,300.0
2023-06-06,1.39,4.39,300.0
2023-06-07,1.39,4.33,294.00000000000006
2023-06-08,1.4,4.39,299.0
2023-06-09,1.4,4.29,289.0
2023-06-12,1.41,4.34,293.0
2023-06-13,1.39,4.18,279.0
2023-06-14,1.38,4.18,280.0
2023-06-15,1.37,4.21,284.0
2023-06-16,1.35,4.15,280.0
2023-06-19,1.35,4.15,280.0
2023-06-20,1.35,4.22,286.99999999999994
2023-06-21,1.35,4.32,297.0
2023-06-22,1.34,4.3,296.0
2023-06-23,1.35,4.4,305.0
2023-06-26,1.36,4.45,309.0
2023-06-27,1.34,4.3,296.0
2023-06-28,1.34,4.27,293.0
2023-06-29,1.31,4.14,282.99999999999994
2023-06-30,1.3,4.05,275.0
2023-07-03,1.29,3.99,270.0
2023-07-04,1.29,3.99,270.0
2023-07-05,1.28,4.01,272.99999999999994
2023-07-06,1.29,4.1,280.99999999999994
2023-07-07,1.28,4.08,280.0
2023-07-10,1.29,4.13,284.0
2023-07-11,1.28,4.05,276.99999999999994
2023-07-12,1.27,3.95,268.0
2023-07-13,1.27,3.97,270.0
2023-07-14,1.28,3.9,262.0
2023-07-17,1.29,3.97,268.0
2023-07-18,1.28,3.9,262.0
2023-07-19,1.28,3.89,261.00000000000006
2023-07-20,1.27,3.9,263.0
2023-07-21,1.26,3.89,263.0
2023-07-24,1.25,3.82,257.0
2023-07-25,1.24,3.84,259.99999999999994
2023-07-26,1.23,3.91,268.0
2023-07-27,1.2,3.78,258.0
2023-07-28,1.19,3.82,263.0
2023-07-31,1.19,3.79,260.0
2023-08-01,1.19,3.82,263.0
2023-08-02,1.21,3.96,275.0
2023-08-03,1.22,3.98,276.0
2023-08-04,1.22,4.01,279.0
2023-08-07,1.22,3.97,275.0
2023-08-08,1.23,4.0,277.0
2023-08-09,1.23,3.94,271.0
2023-08-10,1.22,3.83,261.00000000000006
2023-08-11,1.22,3.83,261.00000000000006
2023-08-14,1.22,3.79,257.0
2023-08-15,1.23,3.85,262.0
2023-08-16,1.25,3.81,256.0
2023-08-17,1.26,3.95,269.00000000000006
2023-08-18,1.27,4.02,274.99999999999994
2023-08-21,1.26,3.97,271.0
2023-08-22,1.25,3.93,268.0
2023-08-23,1.25,3.92,267.0
2023-08-24,1.23,3.91,268.0
2023-08-25,1.23,3.9,267.0
2023-08-28,1.22,3.86,263.99999999999994
2023-08-29,1.22,3.87,265.00000000000006
2023-08-30,1.22,3.8,258.0
2023-08-31,1.22,3.85,263.0
2023-09-01,1.22,3.81,259.0
2023-09-04,1.22,3.81,259.0
2023-09-05,1.22,3.83,261.00000000000006
2023-09-06,1.23,3.86,263.0
2023-09-07,1.23,3.9,267.0
2023-09-08,1.23,3.85,262.0
2023-09-11,1.23,3.82,259.0
2023-09-12,1.23,3.84,261.0
2023-09-13,1.24,3.85,261.00000000000006
2023-09-14,1.23,3.78,254.99999999999997
2023-09-15,1.22,3.79,257.0
2023-09-18,1.22,3.82,259.99999999999994
2023-09-19,1.21,3.82,261.0
2023-09-20,1.2,3.77,257.0
2023-09-21,1.2,3.89,269.00000000000006
2023-09-22,1.2,3.93,273.00000000000006
2023-09-25,1.19,3.97,278.0
2023-09-26,1.2,4.04,284.0
2023-09-27,1.21,4.03,282.0
2023-09-28,1.23,4.09,286.0
2023-09-29,1.24,4.03,279.0
2023-09-30,1.25,4.03,278.0
2023-10-02,1.26,4.11,285.00000000000006
2023-10-03,1.28,4.26,297.99999999999994
2023-10-04,1.29,4.37,308.0
2023-10-05,1.29,4.38,309.0
2023-10-06,1.29,4.33,304.0
2023-10-09,1.29,4.34,305.0
2023-10-10,1.29,4.26,297.0
2023-10-11,1.27,4.25,298.0
2023-10-12,1.26,4.25,299.0
2023-10-13,1.27,4.3,303.0
2023-10-16,1.27,4.27,299.99999999999994
2023-10-17,1.27,4.25,298.0
2023-10-18,1.29,4.32,303.0
2023-10-19,1.31,4.37,306.0
2023-10-20,1.33,4.52,318.99999999999994
2023-10-23,1.33,4.51,318.0
2023-10-24,1.31,4.41,310.0
2023-10-25,1.3,4.37,307.0
2023-10-26,1.3,4.5,320.0
2023-10-27,1.31,4.53,322.0
2023-10-30,1.32,4.5,318.0
2023-10-31,1.32,4.42,309.99999999999994
2023-11-01,1.33,4.47,313.99999999999994
2023-11-02,1.29,4.15,286.00000000000006
2023-11-03,1.29,4.04,275.0
2023-11-06,1.28,4.0,272.0
2023-11-07,1.29,4.08,279.0
2023-11-08,1.28,4.08,280.0
2023-11-09,1.27,4.04,277.0
2023-11-10,1.26,4.03,277.00000000000006
2023-11-13,1.25,4.03,278.0
2023-11-14,1.23,3.92,269.0
2023-11-15,1.22,3.89,267.0
2023-11-16,1.21,4.02,280.99999999999994
2023-11-17,1.2,3.99,279.0
2023-11-20,1.18,3.92,274.0
2023-11-21,1.17,3.95,278.0
2023-11-22,1.15,3.9,275.0
2023-11-23,1.15,3.9,275.0
2023-11-24,1.14,3.85,271.0
2023-11-27,1.14,3.89,275.0
2023-11-28,1.14,3.9,276.0
2023-11-29,1.11,3.8,268.99999999999994
2023-11-30,1.11,3.84,272.99999999999994
2023-12-01,1.11,3.87,276.0
2023-12-04,1.1,3.8,270.0
2023-12-05,1.11,3.8,268.99999999999994
2023-12-06,1.12,3.79,267.0
2023-12-07,1.11,3.77,266.0
2023-12-08,1.1,3.75,265.0
2023-12-11,1.1,3.79,269.0
2023-12-12,1.09,3.76,267.0
2023-12-13,1.08,3.79,271.0
2023-12-14,1.04,3.47,243.00000000000003
2023-12-15,1.04,3.51,246.99999999999997
2023-12-18,1.05,3.51,246.0
2023-12-19,1.05,3.46,241.0
2023-12-20,1.06,3.43,237.0
2023-12-21,1.07,3.41,234.0
2023-12-22,1.07,3.39,232.00000000000003
2023-12-26,1.06,3.37,231.0
2023-12-27,1.05,3.34,229.0
2023-12-28,1.04,3.32,227.99999999999997
2023-12-29,1.04,3.34,229.99999999999997
2023-12-31,1.04,3.39,235.0
2024-01-02,1.06,3.54,248.0
2024-01-03,1.09,3.71,262.0
2024-01-04,1.09,3.69,259.99999999999994
2024-01-05,1.09,3.68,259.0
2024-01-08,1.08,3.63,254.99999999999997
2024-01-09,1.06,3.59,252.99999999999997
2024-01-10,1.04,3.5,246.0
2024-01-11,1.03,3.55,251.99999999999994
2024-01-12,1.02,3.56,254.0
2024-01-15,1.02,3.54,252.0
2024-01-16,1.02,3.58,256.0
2024-01-17,1.02,3.62,260.0
2024-01-18,1.01,3.58,257.0
2024-01-19,1.01,3.54,253.00000000000003
2024-01-22,1.01,3.49,248.00000000000006
2024-01-23,1.01,3.51,250.0
2024-01-24,0.99,3.44,245.00000000000003
2024-01-25,0.98,3.45,247.00000000000003
2024-01-26,0.97,3.39,242.0
2024-01-29,0.98,3.41,243.00000000000003
2024-01-30,1.0,3.42,242.0
2024-01-31,1.02,3.59,257.0
2024-02-01,1.04,3.56,252.0
2024-02-02,1.02,3.47,245.00000000000003
2024-02-05,1.0,3.5,250.0
2024-02-06,1.0,3.52,252.0
2024-02-07,1.0,3.43,243.00000000000003
2024-02-08,0.99,3.38,238.99999999999997
2024-02-09,1.0,3.33,233.0
2024-02-12,1.0,3.35,235.0
2024-02-13,0.99,3.36,237.0
2024-02-14,0.98,3.38,240.0
2024-02-15,0.97,3.35,238.0
2024-02-16,0.96,3.34,238.0
2024-02-19,0.96,3.34,238.0
2024-02-20,0.96,3.37,241.0
2024-02-21,0.94,3.34,240.0
2024-02-22,0.93,3.22,229.0
2024-02-23,0.95,3.23,228.00000000000003
2024-02-26,0.96,3.23,227.0
2024-02-27,0.96,3.26,229.99999999999997
2024-02-28,0.98,3.31,233.0
2024-02-29,1.0,3.29,229.0
2024-03-01,1.01,3.32,230.99999999999997
2024-03-04,1.0,3.26,225.99999999999997
2024-03-05,1.01,3.31,229.99999999999997
2024-03-06,1.01,3.27,225.99999999999997
2024-03-07,1.0,3.27,227.0
2024-03-08,0.99,3.26,226.99999999999994
2024-03-11,0.98,3.26,227.99999999999997
2024-03-12,0.97,3.2,223.00000000000006
2024-03-13,0.95,3.15,220.00000000000003
2024-03-14,0.94,3.15,221.0
2024-03-15,0.93,3.16,223.0
2024-03-18,0.92,3.13,221.0
2024-03-19,0.92,3.1,218.00000000000003
2024-03-20,0.92,3.14,222.00000000000003
2024-03-21,0.91,3.05,213.99999999999997
2024-03-22,0.92,3.08,216.0
2024-03-25,0.92,3.11,219.0
2024-03-26,0.93,3.15,221.99999999999997
2024-03-27,0.94,3.15,221.0
2024-03-28,0.93,3.12,219.0
2024-03-31,0.94,3.15,221.0
2024-04-01,0.93,3.12,219.0
2024-04-02,0.93,3.23,229.99999999999997
2024-04-03,0.92,3.23,231.0
2024-04-04,0.92,3.24,232.00000000000003
2024-04-05,0.92,3.18,226.00000000000003
2024-04-08,0.91,3.15,223.99999999999997
2024-04-09,0.91,3.14,223.0
2024-04-10,0.89,3.1,221.0
2024-04-11,0.89,3.16,227.0
2024-04-12,0.92,3.25,233.0
2024-04-15,0.92,3.28,236.0
2024-04-16,0.95,3.36,241.0
2024-04-17,0.95,3.42,246.99999999999997
2024-04-18,0.94,3.39,245.00000000000003
2024-04-19,0.94,3.37,243.00000000000003
2024-04-22,0.93,3.29,236.0
2024-04-23,0.92,3.2,228.00000000000003
2024-04-24,0.92,3.19,227.0
2024-04-25,0.92,3.24,232.00000000000003
2024-04-26,0.9,3.16,226.00000000000003
2024-04-29,0.9,3.12,222.00000000000003
2024-04-30,0.91,3.18,227.0
2024-05-01,0.91,3.21,229.99999999999997
2024-05-02,0.9,3.16,226.00000000000003
2024-05-03,0.89,3.08,219.0
2024-05-06,0.88,3.03,215.0
2024-05-07,0.88,3.06,218.00000000000003
2024-05-08,0.89,3.1,221.0
2024-05-09,0.89,3.14,225.0
2024-05-10,0.89,3.12,223.0
2024-05-13,0.9,3.14,224.00000000000003
2024-05-14,0.9,3.14,224.00000000000003
2024-05-15,0.9,3.13,223.0
2024-05-16,0.89,3.08,219.0
2024-05-17,0.89,3.09,219.99999999999997
2024-05-20,0.88,3.07,219.0
2024-05-21,0.89,3.07,217.99999999999997
2024-05-22,0.89,3.11,221.99999999999997
2024-05-23,0.89,3.1,221.0
2024-05-24,0.89,3.11,221.99999999999997
2024-05-27,0.89,3.12,223.0
2024-05-28,0.88,3.09,221.0
2024-05-29,0.88,3.15,227.0
2024-05-30,0.88,3.19,231.0
2024-05-31,0.88,3.2,232.00000000000003
2024-06-03,0.88,3.17,229.0
2024-06-04,0.9,3.22,232.00000000000003
2024-06-05,0.91,3.2,229.0
2024-06-06,0.92,3.2,228.00000000000003
2024-06-07,0.9,3.15,225.0
2024-06-10,0.9,3.15,225.0
2024-06-11,0.91,3.19,227.99999999999997
2024-06-12,0.9,3.09,219.0
2024-06-13,0.92,3.2,228.00000000000003
2024-06-14,0.95,3.29,234.0
2024-06-17,0.95,3.26,230.99999999999997
2024-06-18,0.96,3.24,228.00000000000003
2024-06-19,0.96,3.24,228.00000000000003
2024-06-20,0.96,3.23,227.0
2024-06-21,0.96,3.21,225.0
2024-06-24,0.96,3.19,223.0
2024-06-25,0.96,3.19,223.0
2024-06-26,0.97,3.18,221.0
2024-06-27,0.96,3.21,225.0
2024-06-28,0.96,3.18,222.00000000000003
2024-06-30,0.96,3.21,225.0
2024-07-01,0.94,3.21,227.0
2024-07-02,0.93,3.23,229.99999999999997
2024-07-03,0.93,3.25,231.99999999999997
2024-07-04,0.93,3.25,231.99999999999997
2024-07-05,0.92,3.27,235.0
2024-07-08,0.92,3.2,228.00000000000003
2024-07-09,0.92,3.21,229.0
2024-07-10,0.92,3.17,225.0
2024-07-11,0.93,3.18,225.0
2024-07-12,0.92,3.19,227.0
2024-07-15,0.92,3.13,221.0
2024-07-16,0.92,3.08,216.0
2024-07-17,0.93,3.09,215.99999999999997
2024-07-18,0.93,3.09,215.99999999999997
2024-07-19,0.93,3.09,215.99999999999997
2024-07-22,0.93,3.05,211.99999999999997
2024-07-23,0.93,3.02,209.0
2024-07-24,0.96,3.1,214.0
2024-07-25,0.95,3.08,213.0
2024-07-26,0.95,3.1,215.00000000000003
2024-07-29,0.95,3.13,217.99999999999997
2024-07-30,0.96,3.2,224.00000000000003
2024-07-31,0.97,3.25,228.00000000000003
2024-08-01,1.0,3.35,235.0
2024-08-02,1.06,3.72,266.0
2024-08-05,1.12,3.93,281.0
2024-08-06,1.08,3.67,259.0
2024-08-07,1.07,3.57,250.0
2024-08-08,1.05,3.48,242.99999999999997
2024-08-09,1.05,3.49,244.00000000000003
2024-08-12,1.05,3.52,246.99999999999997
2024-08-13,1.04,3.54,250.0
2024-08-14,1.02,3.46,244.0
2024-08-15,0.98,3.31,233.0
2024-08-16,0.98,3.29,231.0
2024-08-19,0.97,3.21,224.00000000000003
2024-08-20,0.98,3.25,227.0
2024-08-21,0.98,3.27,229.0
2024-08-22,0.97,3.21,224.00000000000003
2024-08-23,0.96,3.19,223.0
2024-08-26,0.96,3.15,219.0
2024-08-27,0.96,3.17,221.0
2024-08-28,0.96,3.19,223.0
2024-08-29,0.96,3.15,219.0
2024-08-30,0.95,3.13,217.99999999999997
2024-08-31,0.96,3.17,221.0
2024-09-02,0.96,3.17,221.0
2024-09-03,0.98,3.31,233.0
2024-09-04,0.99,3.35,236.00000000000003
2024-09-05,0.99,3.29,229.99999999999997
2024-09-06,0.99,3.39,240.00000000000003
2024-09-09,0.99,3.36,237.0
2024-09-10,1.01,3.46,245.00000000000003
2024-09-11,1.01,3.44,242.99999999999997
2024-09-12,0.99,3.39,240.00000000000003
2024-09-13,0.99,3.37,238.0
2024-09-16,0.98,3.32,234.0
2024-09-17,0.97,3.25,228.00000000000003
2024-09-18,0.95,3.21,225.99999999999997
2024-09-19,0.93,3.1,217.0
2024-09-20,0.93,3.15,221.99999999999997
2024-09-23,0.92,3.15,223.0
2024-09-24,0.92,3.21,229.0
2024-09-25,0.92,3.19,227.0
2024-09-26,0.92,3.14,222.00000000000003
2024-09-27,0.92,3.14,222.00000000000003
2024-09-30,0.92,3.03,211.0
2024-10-01,0.92,3.07,215.0
2024-10-02,0.91,3.06,215.0
2024-10-03,0.9,3.04,214.0
2024-10-04,0.87,2.89,202.0
2024-10-07,0.86,2.95,209.00000000000003
2024-10-08,0.87,2.99,212.0
2024-10-09,0.85,2.94,209.0
2024-10-10,0.84,2.99,215.00000000000003
2024-10-11,0.84,2.98,214.0
2024-10-14,0.84,2.97,213.00000000000003
2024-10-15,0.83,2.93,210.0
2024-10-16,0.83,2.9,206.99999999999997
2024-10-17,0.83,2.89,206.0
2024-10-18,0.83,2.88,204.99999999999997
2024-10-21,0.85,2.88,202.99999999999997
2024-10-22,0.85,2.92,206.99999999999997
2024-10-23,0.86,2.95,209.00000000000003
2024-10-24,0.86,2.93,207.00000000000003
2024-10-25,0.85,2.89,204.0
2024-10-28,0.84,2.82,198.0
2024-10-29,0.84,2.85,201.00000000000003
2024-10-30,0.84,2.8,196.0
2024-10-31,0.86,2.88,202.0
2024-11-01,0.86,2.83,197.00000000000003
2024-11-04,0.86,2.87,201.00000000000003
2024-11-05,0.84,2.86,202.0
2024-11-06,0.8,2.74,194.00000000000003
2024-11-07,0.78,2.73,195.0
2024-11-08,0.77,2.63,186.0
2024-11-11,0.77,2.63,186.0
2024-11-12,0.77,2.61,184.0
2024-11-13,0.78,2.64,186.0
2024-11-14,0.8,2.6,180.0
2024-11-15,0.8,2.72,192.00000000000003
2024-11-18,0.8,2.72,192.00000000000003
2024-11-19,0.8,2.69,189.0
2024-11-20,0.81,2.67,186.0
2024-11-21,0.81,2.61,179.99999999999997
2024-11-22,0.8,2.61,180.99999999999997
2024-11-25,0.8,2.64,184.0
2024-11-26,0.81,2.68,187.0
2024-11-27,0.82,2.69,187.0
2024-11-28,0.82,2.69,187.0
2024-11-29,0.82,2.72,190.00000000000003
2024-11-30,0.83,2.74,191.0
2024-12-02,0.81,2.68,187.0
2024-12-03,0.8,2.66,186.0
2024-12-04,0.8,2.66,186.0
2024-12-05,0.81,2.66,185.0
2024-12-06,0.81,2.67,186.0
2024-12-09,0.81,2.67,186.0
2024-12-10,0.8,2.67,187.0
2024-12-11,0.78,2.64,186.0
2024-12-12,0.79,2.66,187.0
2024-12-13,0.78,2.68,190.0
2024-12-16,0.78,2.69,191.0
2024-12-17,0.79,2.75,196.0
2024-12-18,0.79,2.73,194.0
2024-12-19,0.82,2.91,209.00000000000003
2024-12-20,0.82,2.86,204.0
2024-12-23,0.82,2.85,203.00000000000003
2024-12-24,,2.86,
2024-12-26,0.81,2.86,204.99999999999997
2024-12-27,0.81,2.84,202.99999999999997
2024-12-30,0.82,2.94,212.0
2024-12-31,0.82,2.92,210.0
2025-01-02,0.83,2.88,204.99999999999997
2025-01-03,0.83,2.81,198.0
2025-01-06,0.84,2.76,192.0
2025-01-07,0.84,2.79,195.00000000000003
2025-01-08,0.83,2.84,200.99999999999997
2025-01-09,0.83,2.82,198.99999999999997
2025-01-10,0.83,2.81,198.0
2025-01-13,0.84,2.85,201.00000000000003
2025-01-14,0.84,2.8,196.0
2025-01-15,0.83,2.72,189.0
2025-01-16,0.83,2.73,190.0
2025-01-17,0.82,2.64,182.00000000000003
2025-01-20,0.82,2.64,182.00000000000003
2025-01-21,0.82,2.61,179.0
2025-01-22,0.81,2.59,177.99999999999997
2025-01-23,0.8,2.61,180.99999999999997
2025-01-24,0.8,2.6,180.0
2025-01-27,0.81,2.66,185.0
2025-01-28,0.81,2.66,185.0
2025-01-29,0.81,2.68,187.0
2025-01-30,0.81,2.67,186.0
2025-01-31,0.82,2.68,186.00000000000003
2025-02-03,0.83,2.73,190.0
2025-02-04,0.82,2.71,189.0
2025-02-05,0.83,2.69,186.0
2025-02-06,0.84,2.66,182.00000000000003
2025-02-07,0.84,2.67,183.0
2025-02-10,0.84,2.66,182.00000000000003
2025-02-11,0.83,2.66,183.0
2025-02-12,0.81,2.65,184.0
2025-02-13,0.81,2.65,184.0
2025-02-14,0.8,2.62,182.0
2025-02-17,0.8,2.62,182.0
2025-02-18,0.79,2.62,183.0
2025-02-19,0.79,2.68,189.0
2025-02-20,0.8,2.66,186.0
2025-02-21,0.81,2.78,196.99999999999997
2025-02-24,0.81,2.78,196.99999999999997
2025-02-25,0.84,2.84,200.0
2025-02-26,0.84,2.81,197.00000000000003
2025-02-27,0.85,2.81,196.0
2025-02-28,0.88,2.87,199.00000000000003
2025-03-03,0.89,2.94,204.99999999999997
2025-03-04,0.89,2.99,210.0
2025-03-05,0.87,2.88,200.99999999999997
2025-03-06,0.88,2.99,211.00000000000003
2025-03-07,0.89,2.97,208.0
2025-03-10,0.91,3.16,225.0
2025-03-11,0.94,3.22,228.00000000000003
2025-03-12,0.96,3.2,224.00000000000003
2025-03-13,0.97,3.4,242.99999999999997
2025-03-14,0.94,3.25,231.0
2025-03-17,0.93,3.18,225.0
2025-03-18,0.93,3.23,229.99999999999997
2025-03-19,0.91,3.19,227.99999999999997
2025-03-20,0.91,3.17,225.99999999999997
2025-03-21,0.92,3.21,229.0
2025-03-24,0.9,3.05,215.0
2025-03-25,0.9,3.09,219.0
2025-03-26,0.91,3.19,227.99999999999997
2025-03-27,0.91,3.27,236.0
2025-03-28,0.94,3.47,253.00000000000003
2025-03-31,0.97,3.55,258.0
2025-04-01,0.98,3.5,252.0
2025-04-02,0.96,3.42,246.0
2025-04-03,1.06,4.01,295.0
2025-04-04,1.14,4.45,331.00000000000006
2025-04-07,1.2,4.61,341.0
2025-04-08,1.18,4.57,339.00000000000006
2025-04-09,1.21,4.37,316.0
2025-04-10,1.18,4.42,324.0
2025-04-11,1.18,4.26,308.0
2025-04-14,1.15,4.14,299.0
2025-04-15,1.14,4.09,295.0
2025-04-16,1.13,4.16,303.0
2025-04-17,1.11,4.02,290.99999999999994
2025-04-21,1.12,4.16,304.0
2025-04-22,1.11,3.99,288.0
2025-04-23,1.08,3.75,267.0
2025-04-24,1.06,3.73,267.0
2025-04-25,1.04,3.67,263.0
2025-04-28,1.04,3.73,269.0
2025-04-29,1.06,3.74,268.0
2025-04-30,1.09,3.94,284.99999999999994
2025-05-01,1.09,3.78,268.99999999999994
2025-05-02,1.06,3.6,254.0
2025-05-05,1.05,3.6,254.99999999999997
2025-05-06,1.05,3.66,261.00000000000006
2025-05-07,1.05,3.67,262.0
2025-05-08,1.02,3.51,248.99999999999997
2025-05-09,1.02,3.53,250.99999999999997
2025-05-12,0.97,3.15,217.99999999999997
2025-05-13,0.94,3.09,215.0
2025-05-14,0.93,3.1,217.0
2025-05-15,0.94,3.2,226.00000000000003
2025-05-16,0.93,3.16,223.0
2025-05-19,0.92,3.21,229.0
2025-05-20,0.9,3.2,230.00000000000003
2025-05-21,0.91,3.25,234.0
2025-05-22,0.92,3.32,240.0
2025-05-23,0.93,3.4,246.99999999999997
2025-05-26,0.93,3.4,246.99999999999997
2025-05-27,0.91,3.24,233.0
2025-05-28,0.9,3.23,233.0
2025-05-29,0.9,3.22,232.00000000000003
2025-05-30,0.91,3.31,240.0
2025-05-31,0.92,3.32,240.0
2025-06-02,0.91,3.27,236.0
2025-06-03,0.89,3.19,229.99999999999997
2025-06-04,0.89,3.23,234.0
2025-06-05,0.89,3.18,229.0
2025-06-06,0.87,3.09,221.99999999999997
2025-06-09,0.87,3.12,225.0
2025-06-10,0.87,3.12,225.0
2025-06-11,0.87,3.12,225.0
2025-06-12,0.88,3.17,229.0
2025-06-13,0.88,3.18,230.00000000000003
2025-06-16,0.87,3.1,223.0
2025-06-17,0.88,3.17,229.0
2025-06-18,0.88,3.16,228.00000000000003
2025-06-19,0.88,3.16,228.00000000000003
2025-06-20,0.88,3.13,225.0
2025-06-23,0.89,3.12,223.0
2025-06-24,0.88,3.06,218.00000000000003
2025-06-25,0.88,3.04,216.0
2025-06-26,0.89,3.04,215.0
2025-06-27,0.88,3.02,214.0
2025-06-30,0.86,2.96,210.0
2025-07-01,0.84,2.91,207.00000000000003
2025-07-02,0.83,2.88,204.99999999999997
2025-07-03,0.8,2.8,199.99999999999997
2025-07-04,0.8,2.8,199.99999999999997
2025-07-07,0.81,2.86,204.99999999999997
2025-07-08,0.82,2.92,210.0
2025-07-09,0.83,2.94,211.0
2025-07-10,0.83,2.92,209.0
2025-07-11,0.83,2.97,214.0
2025-07-14,0.82,2.95,213.00000000000003
2025-07-15,0.81,2.95,214.0
2025-07-16,0.81,3.0,219.0
2025-07-17,0.8,2.91,211.00000000000003
2025-07-18,0.8,2.93,213.0
2025-07-21,0.8,2.89,209.0
2025-07-22,0.81,2.9,209.0
2025-07-23,0.79,2.83,204.0
2025-07-24,0.79,2.82,202.99999999999997
2025-07-25,0.78,2.84,205.99999999999997
2025-07-28,0.78,2.82,204.0
2025-07-29,0.79,2.86,206.99999999999997
2025-07-30,0.78,2.89,211.00000000000003
2025-07-31,0.79,2.86,206.99999999999997
2025-08-01,0.82,3.13,231.0
2025-08-04,0.82,3.02,220.00000000000003
2025-08-05,0.82,2.98,216.0
2025-08-06,0.81,2.98,217.0
2025-08-07,0.8,2.95,215.00000000000003
2025-08-08,0.8,2.94,213.99999999999997
2025-08-11,0.8,2.94,213.99999999999997
2025-08-12,0.79,2.93,214.0
2025-08-13,0.78,2.9,212.0
2025-08-14,0.77,2.89,212.0
2025-08-15,0.75,2.88,213.0
2025-08-18,0.75,2.88,213.0
2025-08-19,0.76,2.9,213.99999999999997
2025-08-20,0.77,2.94,217.0
2025-08-21,0.77,2.95,218.00000000000003
2025-08-22,0.77,2.88,211.0
2025-08-25,0.76,2.8,204.0
2025-08-26,0.78,2.78,199.99999999999997
2025-08-27,0.78,2.78,199.99999999999997
2025-08-28,0.79,2.75,196.0
2025-08-29,0.8,2.82,201.99999999999994
2025-08-31,0.81,2.84,202.99999999999997
2025-09-01,0.81,2.84,202.99999999999997
2025-09-02,0.82,2.92,210.0
2025-09-03,0.81,2.88,206.99999999999997
2025-09-04,0.79,2.84,204.99999999999997
2025-09-05,0.79,2.83,204.0
2025-09-08,0.8,2.84,204.0
2025-09-09,0.8,2.87,207.00000000000003
2025-09-10,0.79,2.84,204.99999999999997
2025-09-11,0.78,2.78,199.99999999999997
2025-09-12,0.77,2.79,202.0
2025-09-15,0.75,2.75,200.0
2025-09-16,0.76,2.79,203.00000000000003
2025-09-17,0.76,2.79,203.00000000000003
2025-09-18,0.75,2.71,196.0
2025-09-19,0.74,2.72,198.00000000000003
2025-09-22,0.74,2.69,195.0
2025-09-23,0.75,2.71,196.0
2025-09-24,0.75,2.7,195.00000000000003
2025-09-25,0.76,2.76,199.99999999999997
2025-09-26,0.75,2.75,200.0
2025-09-29,0.75,2.74,199.00000000000003
2025-09-30,0.76,2.8,204.0
2025-10-01,0.76,2.81,204.99999999999997
2025-10-02,0.75,2.81,206.0
2025-10-03,0.75,2.8,204.99999999999997
2025-10-06,0.74,2.76,201.99999999999994
2025-10-07,0.75,2.82,206.99999999999997
2025-10-08,0.75,2.84,209.0
2025-10-09,0.77,2.95,218.00000000000003
2025-10-10,0.81,3.18,237.0
2025-10-13,0.81,3.18,237.0
2025-10-14,0.81,3.11,229.99999999999997
2025-10-15,0.78,2.95,217.0
2025-10-16,0.8,3.04,224.00000000000003
2025-10-17,0.8,3.04,224.00000000000003
2025-10-20,0.79,2.99,220.00000000000003
2025-10-21,0.79,2.97,218.00000000000003
2025-10-22,0.8,3.01,221.0
2025-10-23,0.78,2.96,217.99999999999997
2025-10-24,0.77,2.88,211.0
2025-10-27,0.76,2.8,204.0
2025-10-28,0.76,2.82,205.99999999999997
2025-10-29,0.75,2.76,200.99999999999997
2025-10-30,0.77,2.85,208.0
2025-10-31,0.8,2.94,213.99999999999997
2025-11-03,0.83,3.04,221.0
2025-11-04,0.83,3.13,229.99999999999997
2025-11-05,0.81,3.05,223.99999999999997
2025-11-06,0.82,3.13,231.0
2025-11-07,0.84,3.15,231.0
2025-11-10,0.82,3.02,220.00000000000003
2025-11-11,0.82,3.02,220.00000000000003
2025-11-12,0.83,3.02,219.0
2025-11-13,0.84,3.09,225.0
2025-11-14,0.83,3.07,223.99999999999997
2025-11-17,0.84,3.13,229.0
2025-11-18,0.85,3.2,235.0
2025-11-19,0.84,3.17,233.0
2025-11-20,0.85,3.17,231.99999999999997
2025-11-21,0.86,3.19,233.0
2025-11-24,0.85,3.15,229.99999999999997
2025-11-25,0.84,3.1,226.00000000000003
2025-11-26,0.82,3.0,218.00000000000003
2025-11-27,0.82,3.0,218.00000000000003
2025-11-28,0.82,2.95,213.00000000000003
2025-11-30,0.82,2.92,210.0
2025-12-01,0.82,2.94,212.0
2025-12-02,0.81,2.92,211.0
2025-12-03,0.81,2.89,208.0
2025-12-04,0.8,2.88,208.0
2025-12-05,0.79,2.85,206.0
2025-12-08,0.78,2.89,211.00000000000003
2025-12-09,0.79,2.89,210.0
2025-12-10,0.78,2.91,213.0
2025-12-11,0.78,2.88,209.99999999999997
2025-12-12,0.8,2.91,211.00000000000003
2025-12-15,0.8,2.91,211.00000000000003
2025-12-16,0.81,2.98,217.0
2025-12-17,0.81,2.99,218.00000000000003
2025-12-18,0.81,2.95,214.0
2025-12-19,0.8,2.9,209.99999999999997
2025-12-22,0.8,2.88,208.0
2025-12-23,0.79,2.83,204.0
2025-12-24,0.79,2.84,204.99999999999997
2025-12-26,0.79,2.86,206.99999999999997
2025-12-29,0.79,2.87,208.0
2025-12-30,0.79,2.84,204.99999999999997
2025-12-31,0.79,2.81,202.0
2026-01-02,0.79,2.83,204.0
2026-01-05,0.79,2.81,202.0
2026-01-06,0.79,2.79,200.0
2026-01-07,0.79,2.79,200.0
2026-01-08,0.79,2.76,196.99999999999997
2026-01-09,0.78,2.74,196.00000000000003
2026-01-12,0.78,2.74,196.00000000000003
2026-01-13,0.77,2.75,198.0
2026-01-14,0.77,2.76,198.99999999999997
2026-01-15,0.76,2.71,195.0
2026-01-16,0.75,2.65,190.0
2026-01-19,0.75,2.65,190.0
2026-01-20,0.75,2.73,198.0
2026-01-21,0.74,2.69,195.0
2026-01-22,0.73,2.64,191.0
2026-01-23,0.73,2.68,195.00000000000003
2026-01-26,0.74,2.69,195.0
2026-01-27,0.73,2.71,198.0
2026-01-28,0.73,2.72,199.00000000000003
2026-01-29,0.74,2.77,203.00000000000003
2026-01-30,0.74,2.8,205.99999999999997
2026-01-31,0.75,2.88,213.0
2026-02-02,0.74,2.81,207.00000000000003
2026-02-03,0.74,2.85,211.00000000000003
2026-02-04,0.75,2.86,211.0
2026-02-05,0.76,2.97,221.0
2026-02-06,0.76,2.87,211.00000000000003
2026-02-09,0.76,2.84,208.0
2026-02-10,0.77,2.86,209.0
2026-02-11,0.77,2.84,206.99999999999997
2026-02-12,0.78,2.92,213.99999999999997
2026-02-13,0.79,2.95,216.0
2026-02-16,0.79,2.94,215.0
2026-02-17,0.8,2.94,213.99999999999997
2026-02-18,0.78,2.86,208.0
2026-02-19,0.79,2.88,209.0
2026-02-20,0.78,2.86,208.0
2026-02-23,0.8,2.95,215.00000000000003
2026-02-24,0.81,2.97,216.0
2026-02-25,0.8,2.94,213.99999999999997
2026-02-26,0.82,2.98,216.0
2026-02-27,0.85,3.1,225.0
2026-02-28,0.86,3.12,226.00000000000003
2026-03-02,0.85,3.03,217.99999999999997
2026-03-03,0.84,3.08,224.00000000000003
2026-03-04,0.82,2.97,215.00000000000003
2026-03-05,0.82,3.0,218.00000000000003
2026-03-06,0.84,3.13,229.0
2026-03-09,0.85,3.19,234.0
2026-03-10,0.84,3.06,222.00000000000003
2026-03-11,0.88,3.09,221.0
2026-03-12,0.91,3.17,225.99999999999997
2026-03-13,0.93,3.28,234.99999999999997
2026-03-16,0.94,3.27,233.0
2026-03-17,0.92,3.22,230.00000000000003
2026-03-18,0.91,3.2,229.0
2026-03-19,0.9,3.27,237.0
2026-03-20,0.88,3.24,236.00000000000003
2026-03-23,0.88,3.19,231.0
2026-03-24,0.87,3.19,231.99999999999997
2026-03-25,0.87,3.17,229.99999999999997
2026-03-26,0.88,3.21,233.0
2026-03-27,0.91,3.42,250.99999999999997
2026-03-30,0.93,3.46,252.99999999999997
2026-03-31,0.9,3.28,238.0
2026-04-01,0.87,3.16,229.0
2026-04-02,0.86,3.17,231.0
2026-04-03,0.86,3.13,227.0
2026-04-06,0.85,3.05,219.99999999999997
2026-04-07,0.86,3.12,226.00000000000003
2026-04-08,0.83,2.94,211.0
2026-04-09,0.83,2.9,206.99999999999997
2026-04-10,0.82,2.94,212.0
2026-04-13,0.82,2.95,213.00000000000003
2026-04-14,0.81,2.84,202.99999999999997
2026-04-15,0.8,2.85,204.99999999999997
2026-04-16,0.81,2.86,204.99999999999997
2026-04-17,0.8,2.83,203.00000000000003
2026-04-20,0.81,2.87,206.0
2026-04-21,0.8,2.85,204.99999999999997
2026-04-22,0.79,2.84,204.99999999999997
2026-04-23,0.8,2.86,205.99999999999997
2026-04-24,0.8,2.86,205.99999999999997
2026-04-27,0.81,2.84,202.99999999999997
2026-04-28,0.81,2.85,204.0
2026-04-29,0.81,2.82,200.99999999999997
2026-04-30,0.81,2.83,202.0
2026-05-01,0.81,2.77,196.0
2026-05-04,0.8,2.78,197.99999999999997
2026-05-05,0.79,2.77,198.0
2026-05-06,0.78,2.75,197.0
