,CPI,Core_CPI,Core_PCE,Retail_Sales,Industrial_Production,Nonfarm_Payrolls
1919-01-01,,,,,4.8739,
1919-02-01,,,,,4.6585,
1919-03-01,,,,,4.5238,
1919-04-01,,,,,4.6046,
1919-05-01,,,,,4.6315,
1919-06-01,,,,,4.9277,
1919-07-01,,,,,5.2239,
1919-08-01,,,,,5.3047,
1919-09-01,,,,,5.197,
1919-10-01,,,,,5.1432,
1919-11-01,,,,,5.0624,
1919-12-01,,,,,5.1432,
1920-01-01,,,,,5.6279,
1920-02-01,,,,,5.6279,
1920-03-01,,,,,5.5201,
1920-04-01,,,,,5.2239,
1920-05-01,,,,,5.3586,
1920-06-01,,,,,5.4124,
1920-07-01,,,,,5.2778,
1920-08-01,,,,,5.3047,
1920-09-01,,,,,5.1162,
1920-10-01,,,,,4.9008,
1920-11-01,,,,,4.4969,
1920-12-01,,,,,4.2276,
1921-01-01,,,,,3.9853,
1921-02-01,,,,,3.9045,
1921-03-01,,,,,3.7968,
1921-04-01,,,,,3.7968,
1921-05-01,,,,,3.9045,
1921-06-01,,,,,3.8776,
1921-07-01,,,,,3.8506,
1921-08-01,,,,,3.9853,
1921-09-01,,,,,4.0122,
1921-10-01,,,,,4.2545,
1921-11-01,,,,,4.2007,
1921-12-01,,,,,4.1738,
1922-01-01,,,,,4.3353,
1922-02-01,,,,,4.5238,
1922-03-01,,,,,4.7662,
1922-04-01,,,,,4.6046,
1922-05-01,,,,,4.847,
1922-06-01,,,,,5.0893,
1922-07-01,,,,,5.0893,
1922-08-01,,,,,4.9816,
1922-09-01,,,,,5.2509,
1922-10-01,,,,,5.5471,
1922-11-01,,,,,5.7894,
1922-12-01,,,,,5.951,
1923-01-01,,,,,5.8163,
1923-02-01,,,,,5.8971,
1923-03-01,,,,,6.0856,
1923-04-01,,,,,6.2203,
1923-05-01,,,,,6.301,
1923-06-01,,,,,6.2472,
1923-07-01,,,,,6.1933,
1923-08-01,,,,,6.0856,
1923-09-01,,,,,5.951,
1923-10-01,,,,,5.9241,
1923-11-01,,,,,5.9241,
1923-12-01,,,,,5.7894,
1924-01-01,,,,,5.924,
1924-02-01,,,,,6.0318,
1924-03-01,,,,,5.9241,
1924-04-01,,,,,5.7356,
1924-05-01,,,,,5.4932,
1924-06-01,,,,,5.2509,
1924-07-01,,,,,5.1701,
1924-08-01,,,,,5.3586,
1924-09-01,,,,,5.5471,
1924-10-01,,,,,5.6817,
1924-11-01,,,,,5.7894,
1924-12-01,,,,,5.951,
1925-01-01,,,,,6.1395,
1925-02-01,,,,,6.1395,
1925-03-01,,,,,6.1395,
1925-04-01,,,,,6.1933,
1925-05-01,,,,,6.1664,
1925-06-01,,,,,6.1125,
1925-07-01,,,,,6.2741,
1925-08-01,,,,,6.1664,
1925-09-01,,,,,6.0856,
1925-10-01,,,,,6.328,
1925-11-01,,,,,6.4626,
1925-12-01,,,,,6.5434,
1926-01-01,,,,,6.4357,
1926-02-01,,,,,6.4357,
1926-03-01,,,,,6.5165,
1926-04-01,,,,,6.5165,
1926-05-01,,,,,6.4626,
1926-06-01,,,,,6.5434,
1926-07-01,,,,,6.5703,
1926-08-01,,,,,6.6511,
1926-09-01,,,,,6.7588,
1926-10-01,,,,,6.7588,
1926-11-01,,,,,6.7319,
1926-12-01,,,,,6.705,
1927-01-01,,,,,6.678,
1927-02-01,,,,,6.7319,
1927-03-01,,,,,6.8127,
1927-04-01,,,,,6.6511,
1927-05-01,,,,,6.705,
1927-06-01,,,,,6.678,
1927-07-01,,,,,6.5972,
1927-08-01,,,,,6.5972,
1927-09-01,,,,,6.4895,
1927-10-01,,,,,6.3549,
1927-11-01,,,,,6.3549,
1927-12-01,,,,,6.3818,
1928-01-01,,,,,6.5165,
1928-02-01,,,,,6.5703,
1928-03-01,,,,,6.6242,
1928-04-01,,,,,6.5972,
1928-05-01,,,,,6.678,
1928-06-01,,,,,6.7319,
1928-07-01,,,,,6.8127,
1928-08-01,,,,,6.9473,
1928-09-01,,,,,7.0012,
1928-10-01,,,,,7.1358,
1928-11-01,,,,,7.2704,
1928-12-01,,,,,7.4051,
1929-01-01,,,,,7.5128,
1929-02-01,,,,,7.4858,
1929-03-01,,,,,7.5128,
1929-04-01,,,,,7.6474,
1929-05-01,,,,,7.7821,
1929-06-01,,,,,7.8359,
1929-07-01,,,,,7.9436,
1929-08-01,,,,,7.8628,
1929-09-01,,,,,7.809,
1929-10-01,,,,,7.6743,
1929-11-01,,,,,7.2974,
1929-12-01,,,,,6.9742,
1930-01-01,,,,,6.9742,
1930-02-01,,,,,6.9473,
1930-03-01,,,,,6.8396,
1930-04-01,,,,,6.7857,
1930-05-01,,,,,6.678,
1930-06-01,,,,,6.4895,
1930-07-01,,,,,6.1933,
1930-08-01,,,,,6.0587,
1930-09-01,,,,,5.951,
1930-10-01,,,,,5.7894,
1930-11-01,,,,,5.6548,
1930-12-01,,,,,5.5201,
1931-01-01,,,,,5.4932,
1931-02-01,,,,,5.5201,
1931-03-01,,,,,5.6279,
1931-04-01,,,,,5.6548,
1931-05-01,,,,,5.574,
1931-06-01,,,,,5.4394,
1931-07-01,,,,,5.3586,
1931-08-01,,,,,5.1701,
1931-09-01,,,,,4.9277,
1931-10-01,,,,,4.7392,
1931-11-01,,,,,4.6854,
1931-12-01,,,,,4.6585,
1932-01-01,,,,,4.5238,
1932-02-01,,,,,4.4161,
1932-03-01,,,,,4.3623,
1932-04-01,,,,,4.0661,
1932-05-01,,,,,3.9314,
1932-06-01,,,,,3.7968,
1932-07-01,,,,,3.6891,
1932-08-01,,,,,3.7968,
1932-09-01,,,,,4.0391,
1932-10-01,,,,,4.1738,
1932-11-01,,,,,4.1738,
1932-12-01,,,,,4.093,
1933-01-01,,,,,4.0122,
1933-02-01,,,,,4.0391,
1933-03-01,,,,,3.7968,
1933-04-01,,,,,4.0661,
1933-05-01,,,,,4.7392,
1933-06-01,,,,,5.4663,
1933-07-01,,,,,5.9779,
1933-08-01,,,,,5.7356,
1933-09-01,,,,,5.4124,
1933-10-01,,,,,5.1432,
1933-11-01,,,,,4.847,
1933-12-01,,,,,4.8739,
1934-01-01,,,,,5.0354,
1934-02-01,,,,,5.2778,
1934-03-01,,,,,5.5201,
1934-04-01,,,,,5.5201,
1934-05-01,,,,,5.6278,
1934-06-01,,,,,5.5201,
1934-07-01,,,,,5.1432,
1934-08-01,,,,,5.0893,
1934-09-01,,,,,4.7931,
1934-10-01,,,,,5.0085,
1934-11-01,,,,,5.0624,
1934-12-01,,,,,5.3855,
1935-01-01,,,,,5.8163,
1935-02-01,,,,,5.9241,
1935-03-01,,,,,5.8971,
1935-04-01,,,,,5.7894,
1935-05-01,,,,,5.7894,
1935-06-01,,,,,5.8702,
1935-07-01,,,,,5.8702,
1935-08-01,,,,,6.0856,
1935-09-01,,,,,6.2472,
1935-10-01,,,,,6.4357,
1935-11-01,,,,,6.5703,
1935-12-01,,,,,6.6511,
1936-01-01,,,,,6.5434,
1936-02-01,,,,,6.3818,
1936-03-01,,,,,6.4626,
1936-04-01,,,,,6.8665,
1936-05-01,,,,,7.0012,
1936-06-01,,,,,7.1358,
1936-07-01,,,,,7.2704,
1936-08-01,,,,,7.3781,
1936-09-01,,,,,7.5128,
1936-10-01,,,,,7.6205,
1936-11-01,,,,,7.8359,
1936-12-01,,,,,8.0783,
1937-01-01,,,,,8.0513,
1937-02-01,,,,,8.159,
1937-03-01,,,,,8.3475,
1937-04-01,,,,,8.3475,
1937-05-01,,,,,8.3745,
1937-06-01,,,,,8.2667,
1937-07-01,,,,,8.3206,
1937-08-01,,,,,8.2667,
1937-09-01,,,,,7.9975,
1937-10-01,,,,,7.4051,
1937-11-01,,,,,6.678,
1937-12-01,,,,,6.0856,
1938-01-01,,,,,5.951,
1938-02-01,,,,,5.8971,
1938-03-01,,,,,5.8971,
1938-04-01,,,,,5.7894,
1938-05-01,,,,,5.6548,
1938-06-01,,,,,5.7086,
1938-07-01,,,,,6.0318,
1938-08-01,,,,,6.3549,
1938-09-01,,,,,6.5434,
1938-10-01,,,,,6.705,
1938-11-01,,,,,6.9742,
1938-12-01,,,,,7.055,
1939-01-01,,,,,7.055,29923.0
1939-02-01,,,,,7.1089,30100.0
1939-03-01,,,,,7.1358,30280.0
1939-04-01,,,,,7.1089,30094.0
1939-05-01,,,,,7.0819,30299.0
1939-06-01,,,,,7.2435,30502.0
1939-07-01,,,,,7.4589,30419.0
1939-08-01,,,,,7.5666,30663.0
1939-09-01,,,,,8.0244,31031.0
1939-10-01,,,,,8.4283,31411.0
1939-11-01,,,,,8.6437,31470.0
1939-12-01,,,,,8.6437,31542.0
1940-01-01,,,,,8.536,31603.0
1940-02-01,,,,,8.2667,31715.0
1940-03-01,,,,,8.0783,31825.0
1940-04-01,,,,,8.2398,31701.0
1940-05-01,,,,,8.4822,31879.0
1940-06-01,,,,,8.7514,31977.0
1940-07-01,,,,,8.8592,31942.0
1940-08-01,,,,,8.913,32352.0
1940-09-01,,,,,9.1015,32810.0
1940-10-01,,,,,9.2361,33267.0
1940-11-01,,,,,9.4516,33669.0
1940-12-01,,,,,9.7747,34174.0
1941-01-01,,,,,10.017,34481.0
1941-02-01,,,,,10.3132,34843.0
1941-03-01,,,,,10.6364,35092.0
1941-04-01,,,,,10.6633,35468.0
1941-05-01,,,,,11.148,36182.0
1941-06-01,,,,,11.2288,36650.0
1941-07-01,,,,,11.3634,37137.0
1941-08-01,,,,,11.4981,37544.0
1941-09-01,,,,,11.4981,37835.0
1941-10-01,,,,,11.6058,37949.0
1941-11-01,,,,,11.6596,38024.0
1941-12-01,,,,,11.8481,38104.0
1942-01-01,,,,,12.0905,38347.0
1942-02-01,,,,,12.3059,38512.0
1942-03-01,,,,,12.4405,38935.0
1942-04-01,,,,,12.0905,39352.0
1942-05-01,,,,,12.1174,39771.0
1942-06-01,,,,,12.1443,40029.0
1942-07-01,,,,,12.4405,40472.0
1942-08-01,,,,,12.8175,40988.0
1942-09-01,,,,,13.1137,41259.0
1942-10-01,,,,,13.5445,41515.0
1942-11-01,,,,,13.8677,41674.0
1942-12-01,,,,,14.1908,41915.0
1943-01-01,,,,,14.3255,42172.0
1943-02-01,,,,,14.7024,42393.0
1943-03-01,,,,,14.8102,42552.0
1943-04-01,,,,,14.9986,42647.0
1943-05-01,,,,,15.1063,42596.0
1943-06-01,,,,,15.0256,42781.0
1943-07-01,,,,,15.4833,42700.0
1943-08-01,,,,,15.8064,42546.0
1943-09-01,,,,,16.2104,42492.0
1943-10-01,,,,,16.4527,42675.0
1943-11-01,,,,,16.6681,42821.0
1943-12-01,,,,,16.4527,42746.0
1944-01-01,,,,,16.6412,42654.0
1944-02-01,,,,,16.7758,42538.0
1944-03-01,,,,,16.7489,42294.0
1944-04-01,,,,,16.7489,42063.0
1944-05-01,,,,,16.6412,41985.0
1944-06-01,,,,,16.5874,41947.0
1944-07-01,,,,,16.5604,41904.0
1944-08-01,,,,,16.7758,41850.0
1944-09-01,,,,,16.6681,41679.0
1944-10-01,,,,,16.722,41708.0
1944-11-01,,,,,16.5873,41711.0
1944-12-01,,,,,16.5335,41860.0
1945-01-01,,,,,16.3719,41895.0
1945-02-01,,,,,16.3181,41897.0
1945-03-01,,,,,16.2104,41798.0
1945-04-01,,,,,15.9142,41446.0
1945-05-01,,,,,15.4833,41304.0
1945-06-01,,,,,15.1333,41149.0
1945-07-01,,,,,14.7832,40874.0
1945-08-01,,,,,13.2483,40466.0
1945-09-01,,,,,12.0635,38507.0
1945-10-01,,,,,11.5788,38600.0
1945-11-01,,,,,12.0097,38996.0
1945-12-01,,,,,12.0635,39110.0
1946-01-01,,,,,11.3903,39829.0
1946-02-01,,,,,10.8249,39244.0
1946-03-01,,,,,11.9558,40195.0
1946-04-01,,,,,11.7404,40913.0
1946-05-01,,,,,11.3096,41349.0
1946-06-01,,,,,12.0097,41735.0
1946-07-01,,,,,12.4136,42153.0
1946-08-01,,,,,12.8714,42642.0
1946-09-01,,,,,13.1137,42915.0
1946-10-01,,,,,13.356,43093.0
1946-11-01,,,,,13.4368,43395.0
1946-12-01,,,,,13.5176,43379.0
1947-01-01,21.48,,,,13.6792,43535.0
1947-02-01,21.62,,,,13.76,43557.0
1947-03-01,22.0,,,,13.8407,43607.0
1947-04-01,22.0,,,,13.733,43499.0
1947-05-01,21.95,,,,13.7869,43638.0
1947-06-01,22.08,,,,13.7869,43810.0
1947-07-01,22.23,,,,13.7061,43743.0
1947-08-01,22.4,,,,13.7869,43960.0
1947-09-01,22.84,,,,13.8946,44203.0
1947-10-01,22.91,,,,14.0292,44411.0
1947-11-01,23.06,,,,14.2177,44484.0
1947-12-01,23.41,,,,14.2716,44581.0
1948-01-01,23.68,,,,14.3524,44679.0
1948-02-01,23.67,,,,14.3793,44533.0
1948-03-01,23.5,,,,14.2177,44683.0
1948-04-01,23.82,,,,14.2447,44379.0
1948-05-01,24.01,,,,14.487,44796.0
1948-06-01,24.15,,,,14.6755,45034.0
1948-07-01,24.4,,,,14.6755,45160.0
1948-08-01,24.43,,,,14.6216,45178.0
1948-09-01,24.36,,,,14.5139,45294.0
1948-10-01,24.31,,,,14.6217,45245.0
1948-11-01,24.16,,,,14.4332,45192.0
1948-12-01,24.05,,,,14.2985,45032.0
1949-01-01,24.01,,,,14.1639,44668.0
1949-02-01,23.91,,,,14.0292,44497.0
1949-03-01,23.91,,,,13.76,44240.0
1949-04-01,23.92,,,,13.6792,44236.0
1949-05-01,23.91,,,,13.4907,43984.0
1949-06-01,23.92,,,,13.4638,43739.0
1949-07-01,23.7,,,,13.4368,43531.0
1949-08-01,23.7,,,,13.5715,43624.0
1949-09-01,23.75,,,,13.7061,43780.0
1949-10-01,23.67,,,,13.1945,42942.0
1949-11-01,23.7,,,,13.5446,43242.0
1949-12-01,23.61,,,,13.7869,43522.0
1950-01-01,23.51,,,,14.0292,43526.0
1950-02-01,23.61,,,,14.0831,43297.0
1950-03-01,23.64,,,,14.5409,43954.0
1950-04-01,23.65,,,,15.0255,44382.0
1950-05-01,23.77,,,,15.3756,44718.0
1950-06-01,23.88,,,,15.8334,45083.0
1950-07-01,24.07,,,,16.345,45454.0
1950-08-01,24.2,,,,16.8566,46192.0
1950-09-01,24.34,,,,16.7489,46438.0
1950-10-01,24.5,,,,16.8566,46706.0
1950-11-01,24.6,,,,16.8297,46776.0
1950-12-01,24.98,,,,17.1259,46861.0
1951-01-01,25.38,,,,17.1797,47288.0
1951-02-01,25.83,,,,17.2875,47577.0
1951-03-01,25.88,,,,17.3682,47873.0
1951-04-01,25.92,,,,17.3952,47861.0
1951-05-01,25.99,,,,17.3413,47952.0
1951-06-01,25.93,,,,17.2605,48064.0
1951-07-01,25.91,,,,16.9913,48061.0
1951-08-01,25.86,,,,16.8297,48012.0
1951-09-01,26.03,,,,16.9374,47954.0
1951-10-01,26.16,,,,16.9105,48006.0
1951-11-01,26.32,,,,17.0451,48147.0
1951-12-01,26.47,,,,17.1528,48314.0
1952-01-01,26.45,,,,17.3413,48296.0
1952-02-01,26.41,,,,17.449,48522.0
1952-03-01,26.39,,,,17.5029,48504.0
1952-04-01,26.46,,,,17.3413,48620.0
1952-05-01,26.47,,,,17.1798,48642.0
1952-06-01,26.53,,,,17.0182,48282.0
1952-07-01,26.68,,,,16.7489,48143.0
1952-08-01,26.69,,,,17.826,48924.0
1952-09-01,26.63,,,,18.4723,49320.0
1952-10-01,26.69,,,,18.6608,49597.0
1952-11-01,26.69,,,,19.0378,49816.0
1952-12-01,26.71,,,,19.1455,50166.0
1953-01-01,26.64,,,,19.1993,50144.0
1953-02-01,26.59,,,,19.307,50339.0
1953-03-01,26.63,,,,19.4686,50473.0
1953-04-01,26.69,,,,19.5494,50435.0
1953-05-01,26.7,,,,19.6571,50490.0
1953-06-01,26.77,,,,19.5763,50519.0
1953-07-01,26.79,,,,19.8187,50536.0
1953-08-01,26.85,,,,19.7109,50489.0
1953-09-01,26.89,,,,19.307,50368.0
1953-10-01,26.95,,,,19.1455,50240.0
1953-11-01,26.85,,,,18.6877,49908.0
1953-12-01,26.87,,,,18.2299,49703.0
1954-01-01,26.94,,,,18.0953,49469.0
1954-02-01,26.99,,,,18.1492,49382.0
1954-03-01,26.93,,,,18.0414,49157.0
1954-04-01,26.86,,,,17.9337,49179.0
1954-05-01,26.93,,,,18.0414,48965.0
1954-06-01,26.94,,,,18.0953,48895.0
1954-07-01,26.86,,,,18.1222,48835.0
1954-08-01,26.85,,,,18.0953,48826.0
1954-09-01,26.81,,,,18.1222,48886.0
1954-10-01,26.72,,,,18.3377,48942.0
1954-11-01,26.78,,,,18.6338,49180.0
1954-12-01,26.77,,,,18.8762,49331.0
1955-01-01,26.77,,,,19.307,49496.0
1955-02-01,26.82,,,,19.5494,49644.0
1955-03-01,26.79,,,,20.0071,49962.0
1955-04-01,26.79,,,,20.2495,50248.0
1955-05-01,26.77,,,,20.5726,50512.0
1955-06-01,26.71,,,,20.5996,50790.0
1955-07-01,26.76,,,,20.7611,50987.0
1955-08-01,26.72,,,,20.7342,51111.0
1955-09-01,26.85,,,,20.8688,51266.0
1955-10-01,26.82,,,,21.2189,51429.0
1955-11-01,26.88,,,,21.2727,51592.0
1955-12-01,26.87,,,,21.3535,51805.0
1956-01-01,26.83,,,,21.4882,51975.0
1956-02-01,26.86,,,,21.2997,52167.0
1956-03-01,26.89,,,,21.2997,52294.0
1956-04-01,26.93,,,,21.4612,52375.0
1956-05-01,27.03,,,,21.2728,52506.0
1956-06-01,27.15,,,,21.0843,52586.0
1956-07-01,27.29,,,,20.438,51955.0
1956-08-01,27.31,,,,21.2727,52631.0
1956-09-01,27.35,,,,21.7574,52604.0
1956-10-01,27.51,,,,21.9459,52777.0
1956-11-01,27.51,,,,21.7574,52821.0
1956-12-01,27.63,,,,22.0806,52929.0
1957-01-01,27.67,28.5,,,21.9998,52887.0
1957-02-01,27.8,28.6,,,22.2152,53097.0
1957-03-01,27.86,28.7,,,22.1883,53156.0
1957-04-01,27.93,28.8,,,21.8921,53238.0
1957-05-01,28.0,28.8,,,21.8113,53150.0
1957-06-01,28.11,28.9,,,21.8652,53067.0
1957-07-01,28.19,29.0,,,21.9998,53123.0
1957-08-01,28.28,29.0,,,21.9998,53128.0
1957-09-01,28.32,29.1,,,21.8113,52934.0
1957-10-01,28.32,29.2,,,21.4882,52763.0
1957-11-01,28.41,29.3,,,20.9765,52558.0
1957-12-01,28.47,29.3,,,20.5726,52384.0
1958-01-01,28.64,29.3,,,20.1956,52076.0
1958-02-01,28.7,29.4,,,19.7648,51576.0
1958-03-01,28.87,29.5,,,19.5225,51299.0
1958-04-01,28.94,29.5,,,19.1993,51027.0
1958-05-01,28.94,29.5,,,19.3878,50914.0
1958-06-01,28.91,29.6,,,19.8994,50914.0
1958-07-01,28.89,29.6,,,20.1956,51039.0
1958-08-01,28.94,29.6,,,20.5995,51233.0
1958-09-01,28.91,29.7,,,20.7881,51506.0
1958-10-01,28.91,29.7,,,21.0304,51485.0
1958-11-01,28.95,29.8,,,21.6497,51944.0
1958-12-01,28.97,29.9,,,21.6767,52085.0
1959-01-01,29.01,29.9,15.501,,21.9998,52478.0
1959-02-01,29.0,29.9,15.513,,22.4306,52688.0
1959-03-01,28.97,30.0,15.531,,22.7538,53014.0
1959-04-01,28.98,30.0,15.57,,23.2384,53321.0
1959-05-01,29.04,30.1,15.589,,23.5885,53550.0
1959-06-01,29.11,30.2,15.635,,23.6155,53681.0
1959-07-01,29.15,30.2,15.672,,23.05,53804.0
1959-08-01,29.18,30.2,15.697,,22.2691,53336.0
1959-09-01,29.25,30.3,15.738,,22.2421,53428.0
1959-10-01,29.35,30.4,15.765,,22.0806,53358.0
1959-11-01,29.35,30.4,15.794,,22.2152,53634.0
1959-12-01,29.41,30.5,15.818,,23.5885,54174.0
1960-01-01,29.37,30.5,15.822,,24.2078,54274.0
1960-02-01,29.41,30.6,15.852,,23.9924,54513.0
1960-03-01,29.41,30.6,15.853,,23.777,54454.0
1960-04-01,29.54,30.6,15.882,,23.5885,54813.0
1960-05-01,29.57,30.6,15.908,,23.5616,54475.0
1960-06-01,29.61,30.7,15.917,,23.2654,54348.0
1960-07-01,29.55,30.6,15.945,,23.1846,54306.0
1960-08-01,29.61,30.6,15.968,,23.1577,54272.0
1960-09-01,29.61,30.6,15.981,,22.9153,54227.0
1960-10-01,29.75,30.8,15.99,,22.8884,54142.0
1960-11-01,29.78,30.8,16.033,,22.5653,53961.0
1960-12-01,29.81,30.7,16.028,,22.1344,53742.0
1961-01-01,29.84,30.8,16.032,,22.1613,53683.0
1961-02-01,29.84,30.8,16.048,,22.1344,53557.0
1961-03-01,29.84,30.9,16.053,,22.2691,53659.0
1961-04-01,29.81,30.9,16.075,,22.7268,53627.0
1961-05-01,29.84,30.9,16.096,,23.0769,53786.0
1961-06-01,29.84,31.0,16.12,,23.4,53977.0
1961-07-01,29.92,31.0,16.145,,23.6693,54123.0
1961-08-01,29.94,31.1,16.162,,23.8847,54298.0
1961-09-01,29.98,31.1,16.194,,23.8578,54388.0
1961-10-01,29.98,31.1,16.199,,24.3156,54522.0
1961-11-01,29.98,31.2,16.202,,24.6926,54742.0
1961-12-01,30.01,31.2,16.216,,24.908,54872.0
1962-01-01,30.04,31.2,16.235,,24.6925,54891.0
1962-02-01,30.11,31.2,16.262,,25.0964,55188.0
1962-03-01,30.17,31.3,16.3,,25.2311,55275.0
1962-04-01,30.21,31.3,16.303,,25.285,55602.0
1962-05-01,30.24,31.4,16.326,,25.258,55628.0
1962-06-01,30.21,31.4,16.356,,25.2042,55644.0
1962-07-01,30.22,31.4,16.37,,25.4465,55746.0
1962-08-01,30.28,31.5,16.372,,25.4734,55838.0
1962-09-01,30.42,31.5,16.404,,25.635,55978.0
1962-10-01,30.38,31.5,16.403,,25.6619,56041.0
1962-11-01,30.38,31.5,16.415,,25.7696,56056.0
1962-12-01,30.38,31.6,16.42,,25.7696,56028.0
1963-01-01,30.44,31.5,16.451,,25.9581,56115.0
1963-02-01,30.48,31.6,16.47,,26.2544,56230.0
1963-03-01,30.51,31.7,16.48,,26.4159,56320.0
1963-04-01,30.48,31.7,16.5,,26.6582,56580.0
1963-05-01,30.51,31.7,16.53,,26.9814,56616.0
1963-06-01,30.61,31.8,16.558,,27.0622,56659.0
1963-07-01,30.69,31.8,16.573,,26.9545,56794.0
1963-08-01,30.75,31.9,16.588,,27.0083,56910.0
1963-09-01,30.72,31.9,16.618,,27.2776,57078.0
1963-10-01,30.75,32.0,16.655,,27.4661,57283.0
1963-11-01,30.78,32.0,16.67,,27.6007,57255.0
1963-12-01,30.88,32.1,16.694,,27.5469,57361.0
1964-01-01,30.94,32.2,16.717,,27.7892,57487.0
1964-02-01,30.91,32.2,16.749,,27.9777,57753.0
1964-03-01,30.94,32.2,16.765,,27.9777,57897.0
1964-04-01,30.95,32.2,16.78,,28.4355,57922.0
1964-05-01,30.98,32.2,16.794,,28.597,58089.0
1964-06-01,31.01,32.3,16.806,,28.6778,58219.0
1964-07-01,31.02,32.3,16.823,,28.8663,58412.0
1964-08-01,31.05,32.3,16.845,,29.0548,58619.0
1964-09-01,31.08,32.3,16.852,,29.1625,58903.0
1964-10-01,31.12,32.4,16.859,,28.7586,58793.0
1964-11-01,31.21,32.5,16.883,,29.6472,59218.0
1964-12-01,31.25,32.5,16.907,,29.9973,59421.0
1965-01-01,31.28,32.6,16.93,,30.3204,59582.0
1965-02-01,31.28,32.6,16.95,,30.5089,59800.0
1965-03-01,31.31,32.6,16.96,,30.9128,60003.0
1965-04-01,31.38,32.7,16.98,,31.0474,60259.0
1965-05-01,31.48,32.7,17.011,,31.2898,60491.0
1965-06-01,31.61,32.7,17.007,,31.5321,60690.0
1965-07-01,31.58,32.7,17.024,,31.8283,60965.0
1965-08-01,31.55,32.7,17.056,,31.963,61228.0
1965-09-01,31.62,32.8,17.076,,32.0438,61490.0
1965-10-01,31.65,32.8,17.07,,32.3669,61719.0
1965-11-01,31.75,32.9,17.102,,32.5015,61996.0
1965-12-01,31.85,33.0,17.154,,32.9054,62322.0
1966-01-01,31.88,33.0,17.159,,33.2286,62529.0
1966-02-01,32.08,33.1,17.201,,33.444,62796.0
1966-03-01,32.18,33.1,17.223,,33.9018,63192.0
1966-04-01,32.28,33.3,17.285,,33.9556,63437.0
1966-05-01,32.35,33.4,17.331,,34.2787,63712.0
1966-06-01,32.38,33.5,17.387,,34.4403,64111.0
1966-07-01,32.45,33.6,17.438,,34.6288,64301.0
1966-08-01,32.65,33.7,17.47,,34.6557,64507.0
1966-09-01,32.75,33.8,17.524,,34.9789,64643.0
1966-10-01,32.85,34.0,17.581,,35.2212,64854.0
1966-11-01,32.88,34.0,17.625,,34.9788,65019.0
1966-12-01,32.92,34.1,17.679,,35.0596,65199.0
1967-01-01,32.9,34.2,17.695,,35.225,65407.0
1967-02-01,33.0,34.2,17.727,,34.8255,65429.0
1967-03-01,33.0,34.3,17.754,,34.6292,65530.0
1967-04-01,33.1,34.4,17.803,,34.9558,65466.0
1967-05-01,33.1,34.5,17.842,,34.6508,65620.0
1967-06-01,33.3,34.6,17.887,,34.6465,65750.0
1967-07-01,33.4,34.7,17.948,,34.5676,65888.0
1967-08-01,33.5,34.9,18.003,,35.2299,66143.0
1967-09-01,33.6,35.0,18.067,,35.1727,66164.0
1967-10-01,33.7,35.1,18.134,,35.4591,66225.0
1967-11-01,33.9,35.2,18.192,,35.9663,66703.0
1967-12-01,34.0,35.4,18.237,,36.3536,66900.0
1968-01-01,34.1,35.5,18.318,,36.3145,66804.0
1968-02-01,34.2,35.7,18.397,,36.4446,67215.0
1968-03-01,34.3,35.8,18.47,,36.5584,67295.0
1968-04-01,34.4,35.9,18.538,,36.6113,67556.0
1968-05-01,34.5,36.0,18.608,,37.022,67652.0
1968-06-01,34.7,36.2,18.681,,37.158,67905.0
1968-07-01,34.9,36.4,18.743,,37.101,68126.0
1968-08-01,35.0,36.5,18.816,,37.2045,68330.0
1968-09-01,35.1,36.7,18.892,,37.3454,68484.0
1968-10-01,35.3,36.9,18.969,,37.4196,68721.0
1968-11-01,35.4,37.1,19.041,,37.9036,68984.0
1968-12-01,35.6,37.2,19.098,,38.0233,69248.0
1969-01-01,35.7,37.3,19.17,,38.2533,69439.0
1969-02-01,35.8,37.6,19.236,,38.4981,69699.0
1969-03-01,36.1,37.8,19.326,,38.8,69905.0
1969-04-01,36.3,38.1,19.4,,38.6573,70072.0
1969-05-01,36.4,38.1,19.478,,38.5111,70328.0
1969-06-01,36.6,38.3,19.545,,38.8874,70636.0
1969-07-01,36.8,38.5,19.636,,39.0927,70729.0
1969-08-01,36.9,38.7,19.691,,39.1825,71008.0
1969-09-01,37.1,38.9,19.77,,39.1737,70914.0
1969-10-01,37.3,39.1,19.855,,39.1852,71121.0
1969-11-01,37.5,39.2,19.931,,38.8158,71086.0
1969-12-01,37.7,39.4,20.005,,38.7116,71241.0
1970-01-01,37.9,39.6,20.071,,37.9948,71176.0
1970-02-01,38.1,39.8,20.148,,37.9698,71305.0
1970-03-01,38.3,40.1,20.223,,37.9205,71451.0
1970-04-01,38.5,40.4,20.303,,37.823,71348.0
1970-05-01,38.6,40.5,20.375,,37.7789,71124.0
1970-06-01,38.8,40.8,20.448,,37.6567,71029.0
1970-07-01,38.9,40.9,20.526,,37.7491,71053.0
1970-08-01,39.0,41.1,20.597,,37.6818,70937.0
1970-09-01,39.2,41.3,20.683,,37.4221,70944.0
1970-10-01,39.4,41.5,20.785,,36.6735,70521.0
1970-11-01,39.6,41.8,20.892,,36.4514,70409.0
1970-12-01,39.8,42.0,20.997,,37.2885,70792.0
1971-01-01,39.9,42.1,21.08,,37.5753,70865.0
1971-02-01,39.9,42.2,21.16,,37.5037,70807.0
1971-03-01,40.0,42.2,21.228,,37.4631,70860.0
1971-04-01,40.1,42.4,21.307,,37.6735,71036.0
1971-05-01,40.3,42.6,21.4,,37.8646,71247.0
1971-06-01,40.5,42.8,21.485,,38.0234,71254.0
1971-07-01,40.6,42.9,21.567,,37.9131,71315.0
1971-08-01,40.7,43.0,21.597,,37.693,71373.0
1971-09-01,40.8,43.0,21.633,,38.3056,71614.0
1971-10-01,40.9,43.1,21.667,,38.5924,71642.0
1971-11-01,41.0,43.2,21.716,,38.7561,71847.0
1971-12-01,41.1,43.3,21.784,,39.2035,72109.0
1972-01-01,41.2,43.5,21.877,,40.1408,72441.0
1972-02-01,41.4,43.6,21.936,,40.5459,72648.0
1972-03-01,41.4,43.6,21.979,,40.8263,72944.0
1972-04-01,41.5,43.8,22.03,,41.2348,73162.0
1972-05-01,41.6,43.9,22.081,,41.2405,73469.0
1972-06-01,41.7,44.0,22.126,,41.3497,73758.0
1972-07-01,41.8,44.1,22.189,,41.3035,73709.0
1972-08-01,41.9,44.3,22.236,,41.879,74141.0
1972-09-01,42.1,44.3,22.31,,42.2132,74264.0
1972-10-01,42.2,44.4,22.323,,42.7494,74674.0
1972-11-01,42.4,44.4,22.382,,43.2548,74973.0
1972-12-01,42.5,44.6,22.449,,43.7367,75268.0
1973-01-01,42.7,44.6,22.463,,44.0529,75617.0
1973-02-01,43.0,44.8,22.534,,44.6827,76014.0
1973-03-01,43.4,45.0,22.625,,44.7045,76284.0
1973-04-01,43.7,45.1,22.756,,44.6387,76455.0
1973-05-01,43.9,45.3,22.844,,44.9429,76648.0
1973-06-01,44.2,45.4,22.943,,45.0035,76887.0
1973-07-01,44.2,45.5,23.041,,45.1636,76913.0
1973-08-01,45.0,45.7,23.148,,45.1019,77168.0
1973-09-01,45.2,46.0,23.265,,45.4624,77276.0
1973-10-01,45.6,46.3,23.355,,45.847,77607.0
1973-11-01,45.9,46.5,23.468,,46.0553,77920.0
1973-12-01,46.3,46.7,23.598,,45.923,78031.0
1974-01-01,46.8,46.9,23.714,,45.6204,78100.0
1974-02-01,47.3,47.2,23.865,,45.4759,78254.0
1974-03-01,47.8,47.6,24.051,,45.4777,78296.0
1974-04-01,48.1,47.9,24.231,,45.3451,78382.0
1974-05-01,48.6,48.5,24.464,,45.7044,78549.0
1974-06-01,49.0,49.0,24.715,,45.6238,78604.0
1974-07-01,49.3,49.5,24.934,,45.7221,78636.0
1974-08-01,49.9,50.2,25.174,,45.2366,78619.0
1974-09-01,50.6,50.7,25.4,,45.2365,78610.0
1974-10-01,51.0,51.2,25.599,,45.1133,78630.0
1974-11-01,51.5,51.6,25.786,,43.6278,78265.0
1974-12-01,51.9,52.0,25.968,,42.0533,77652.0
1975-01-01,52.3,52.3,26.119,,41.4676,77293.0
1975-02-01,52.6,52.8,26.304,,40.5165,76918.0
1975-03-01,52.8,53.0,26.441,,40.0638,76648.0
1975-04-01,53.0,53.3,26.57,,40.1573,76460.0
1975-05-01,53.1,53.5,26.683,,40.0253,76624.0
1975-06-01,53.5,53.8,26.813,,40.2772,76521.0
1975-07-01,54.0,54.0,26.978,,40.6994,76770.0
1975-08-01,54.2,54.2,27.071,,41.0998,77153.0
1975-09-01,54.6,54.5,27.218,,41.6304,77228.0
1975-10-01,54.9,54.8,27.354,,41.8135,77540.0
1975-11-01,55.3,55.2,27.535,,41.8697,77685.0
1975-12-01,55.6,55.5,27.702,,42.4414,78017.0
1976-01-01,55.8,55.9,27.844,,43.0012,78503.0
1976-02-01,55.9,56.2,27.955,,43.4229,78816.0
1976-03-01,56.0,56.5,28.047,,43.5168,79048.0
1976-04-01,56.1,56.7,28.157,,43.7327,79292.0
1976-05-01,56.4,57.0,28.29,,43.9186,79312.0
1976-06-01,56.7,57.2,28.405,,43.9637,79376.0
1976-07-01,57.0,57.6,28.561,,44.2141,79547.0
1976-08-01,57.3,57.9,28.726,,44.5182,79704.0
1976-09-01,57.6,58.2,28.894,,44.6721,79892.0
1976-10-01,57.9,58.5,29.036,,44.6585,79911.0
1976-11-01,58.1,58.7,29.168,,45.3392,80240.0
1976-12-01,58.4,58.9,29.326,,45.8294,80448.0
1977-01-01,58.7,59.3,29.505,,45.5087,80690.0
1977-02-01,59.3,59.7,29.686,,46.2277,80988.0
1977-03-01,59.6,60.0,29.812,,46.8185,81391.0
1977-04-01,60.0,60.3,29.959,,47.2684,81728.0
1977-05-01,60.2,60.6,30.112,,47.6411,82088.0
1977-06-01,60.5,61.0,30.292,,48.0116,82488.0
1977-07-01,60.8,61.2,30.479,,48.073,82834.0
1977-08-01,61.1,61.5,30.629,,48.1205,83075.0
1977-09-01,61.3,61.8,30.758,,48.3189,83532.0
1977-10-01,61.6,62.0,30.907,,48.3871,83800.0
1977-11-01,62.0,62.3,31.067,,48.4761,84173.0
1977-12-01,62.3,62.7,31.227,,48.5629,84410.0
1978-01-01,62.7,63.1,31.414,,47.8481,84594.0
1978-02-01,63.0,63.4,31.535,,48.1044,84948.0
1978-03-01,63.4,63.8,31.706,,49.0265,85460.0
1978-04-01,63.9,64.3,31.911,,50.0206,86162.0
1978-05-01,64.5,64.7,32.099,,50.254,86509.0
1978-06-01,65.0,65.2,32.278,,50.5801,86950.0
1978-07-01,65.5,65.6,32.468,,50.5384,87204.0
1978-08-01,65.9,66.1,32.642,,50.7458,87483.0
1978-09-01,66.5,66.7,32.83,,50.8744,87621.0
1978-10-01,67.1,67.2,33.071,,51.2559,87956.0
1978-11-01,67.5,67.6,33.249,,51.6514,88391.0
1978-12-01,67.9,68.0,33.378,,51.909,88671.0
1979-01-01,68.5,68.5,33.549,,51.6278,88808.0
1979-02-01,69.2,69.2,33.659,,51.8752,89055.0
1979-03-01,69.9,69.8,33.852,,52.0446,89479.0
1979-04-01,70.6,70.3,34.165,,51.4193,89417.0
1979-05-01,71.4,70.8,34.462,,51.8856,89789.0
1979-06-01,72.2,71.3,34.655,,51.8965,90108.0
1979-07-01,73.0,71.9,34.829,,51.8097,90217.0
1979-08-01,73.7,72.7,35.06,,51.4684,90300.0
1979-09-01,74.4,73.3,35.299,,51.4597,90327.0
1979-10-01,75.2,74.0,35.557,,51.8334,90481.0
1979-11-01,76.0,74.8,35.784,,51.7531,90573.0
1979-12-01,76.9,75.7,36.041,,51.7878,90672.0
1980-01-01,78.0,76.7,36.315,,52.0679,90800.0
1980-02-01,79.0,77.5,36.677,,52.082,90883.0
1980-03-01,80.1,78.6,37.017,,51.87,90994.0
1980-04-01,80.9,79.5,37.207,,50.8397,90849.0
1980-05-01,81.7,80.1,37.507,,49.589,90420.0
1980-06-01,82.5,81.0,37.756,,48.9482,90101.0
1980-07-01,82.6,80.8,38.021,,48.6039,89840.0
1980-08-01,83.2,81.3,38.296,,48.7563,90099.0
1980-09-01,83.9,82.1,38.657,,49.5608,90213.0
1980-10-01,84.7,83.0,38.975,,50.1908,90490.0
1980-11-01,85.6,83.9,39.282,,51.0311,90747.0
1980-12-01,86.4,84.9,39.518,,51.3708,90943.0
1981-01-01,87.2,85.4,39.861,,51.0415,91033.0
1981-02-01,88.0,85.9,40.152,,50.824,91105.0
1981-03-01,88.6,86.4,40.375,,51.0826,91210.0
1981-04-01,89.1,87.0,40.633,,50.858,91283.0
1981-05-01,89.7,87.8,40.913,,51.1495,91296.0
1981-06-01,90.5,88.6,41.117,,51.4101,91490.0
1981-07-01,91.5,89.8,41.365,,51.7471,91601.0
1981-08-01,92.2,90.7,41.642,,51.6826,91565.0
1981-09-01,93.1,91.8,41.915,,51.4337,91477.0
1981-10-01,93.4,92.1,42.165,,51.0281,91380.0
1981-11-01,93.8,92.5,42.411,,50.435,91171.0
1981-12-01,94.1,93.0,42.568,,49.8987,90895.0
1982-01-01,94.4,93.3,42.829,,48.8685,90565.0
1982-02-01,94.7,93.8,42.994,,49.8636,90563.0
1982-03-01,94.7,93.9,43.182,,49.5323,90434.0
1982-04-01,95.0,94.7,43.353,,49.075,90150.0
1982-05-01,95.9,95.4,43.589,,48.7483,90107.0
1982-06-01,97.0,96.1,43.808,,48.6214,89865.0
1982-07-01,97.5,96.7,44.092,,48.4616,89521.0
1982-08-01,97.7,97.1,44.295,,48.0192,89363.0
1982-09-01,97.7,97.2,44.459,,47.9008,89183.0
1982-10-01,98.1,97.5,44.741,,47.4371,88907.0
1982-11-01,98.0,97.3,44.906,,47.283,88786.0
1982-12-01,97.7,97.2,45.049,,46.9485,88771.0
1983-01-01,97.9,97.6,45.357,,47.8234,88990.0
1983-02-01,98.0,98.0,45.525,,47.5233,88917.0
1983-03-01,98.1,98.2,45.583,,47.9244,89090.0
1983-04-01,98.8,98.6,45.721,,48.5311,89364.0
1983-05-01,99.2,98.9,45.787,,48.8239,89644.0
1983-06-01,99.4,99.2,46.001,,49.123,90021.0
1983-07-01,99.8,99.8,46.311,,49.8546,90437.0
1983-08-01,100.1,100.1,46.55,,50.4443,90129.0
1983-09-01,100.4,100.5,46.738,,51.178,91247.0
1983-10-01,100.8,101.0,46.821,,51.5693,91520.0
1983-11-01,101.1,101.5,46.93,,51.7993,91875.0
1983-12-01,101.4,101.8,46.965,,52.0594,92230.0
1984-01-01,102.1,102.5,47.121,,53.0985,92673.0
1984-02-01,102.6,102.8,47.418,,53.3318,93157.0
1984-03-01,102.9,103.2,47.598,,53.5929,93429.0
1984-04-01,103.3,103.7,47.822,,53.91,93792.0
1984-05-01,103.5,104.1,47.933,,54.2026,94098.0
1984-06-01,103.7,104.5,48.046,,54.4014,94479.0
1984-07-01,104.1,105.0,48.253,,54.5521,94789.0
1984-08-01,104.4,105.4,48.412,,54.6083,95032.0
1984-09-01,104.7,105.8,48.486,,54.4466,95344.0
1984-10-01,105.1,106.2,48.595,,54.4406,95629.0
1984-11-01,105.3,106.4,48.698,,54.624,95982.0
1984-12-01,105.5,106.8,48.891,,54.6416,96107.0
1985-01-01,105.7,107.1,49.165,,54.6322,96372.0
1985-02-01,106.3,107.7,49.42,,54.7825,96503.0
1985-03-01,106.8,108.1,49.593,,54.8653,96842.0
1985-04-01,107.0,108.4,49.652,,54.7459,97038.0
1985-05-01,107.2,108.8,49.823,,54.8255,97312.0
1985-06-01,107.5,109.1,49.988,,54.7989,97459.0
1985-07-01,107.7,109.4,50.134,,54.5396,97648.0
1985-08-01,107.9,109.8,50.38,,54.7055,97840.0
1985-09-01,108.1,110.0,50.484,,54.8906,98045.0
1985-10-01,108.5,110.5,50.565,,54.7199,98233.0
1985-11-01,109.0,111.1,50.689,,54.9124,98443.0
1985-12-01,109.5,111.4,50.827,,55.4412,98609.0
1986-01-01,109.9,111.9,51.101,,55.7481,98732.0
1986-02-01,109.7,112.2,51.233,,55.3568,98847.0
1986-03-01,109.1,112.5,51.389,,54.9625,98934.0
1986-04-01,108.7,112.9,51.482,,55.0413,99121.0
1986-05-01,109.0,113.1,51.57,,55.1226,99248.0
1986-06-01,109.4,113.4,51.725,,54.9005,99155.0
1986-07-01,109.5,113.8,51.819,,55.2592,99473.0
1986-08-01,109.6,114.2,51.925,,55.1567,99588.0
1986-09-01,110.0,114.6,52.096,,55.2975,99934.0
1986-10-01,110.2,115.0,52.273,,55.5332,100121.0
1986-11-01,110.4,115.3,52.384,,55.7557,100308.0
1986-12-01,110.8,115.6,52.452,,56.2845,100509.0
1987-01-01,111.4,115.9,52.578,,56.0882,100678.0
1987-02-01,111.8,116.2,52.685,,56.8275,100919.0
1987-03-01,112.2,116.6,52.841,,56.9098,101164.0
1987-04-01,112.7,117.3,53.065,,57.2701,101499.0
1987-05-01,113.0,117.7,53.214,,57.6322,101728.0
1987-06-01,113.5,117.9,53.36,,57.9307,101900.0
1987-07-01,113.8,118.3,53.498,,58.3258,102247.0
1987-08-01,114.3,118.7,53.679,,58.7636,102420.0
1987-09-01,114.7,119.2,53.892,,58.9951,102647.0
1987-10-01,115.0,119.8,54.122,,59.781,103138.0
1987-11-01,115.4,120.1,54.235,,60.0726,103372.0
1987-12-01,115.6,120.4,54.349,,60.4095,103661.0
1988-01-01,116.0,120.9,54.606,,60.3976,103753.0
1988-02-01,116.2,121.2,54.718,,60.7003,104214.0
1988-03-01,116.5,121.7,54.952,,60.8501,104489.0
1988-04-01,117.2,122.3,55.219,,61.2031,104732.0
1988-05-01,117.5,122.7,55.407,,61.0797,104962.0
1988-06-01,118.0,123.2,55.641,,61.2569,105326.0
1988-07-01,118.5,123.6,55.868,,61.2659,105550.0
1988-08-01,119.0,124.0,56.007,,61.5731,105674.0
1988-09-01,119.5,124.7,56.307,,61.3807,106013.0
1988-10-01,119.9,125.2,56.521,,61.6453,106276.0
1988-11-01,120.3,125.6,56.676,,61.7944,106617.0
1988-12-01,120.7,126.0,56.864,,62.0743,106898.0
1989-01-01,121.2,126.5,57.152,,62.2574,107161.0
1989-02-01,121.6,126.9,57.297,,61.9819,107427.0
1989-03-01,122.2,127.4,57.468,,62.1369,107621.0
1989-04-01,123.1,127.8,57.661,,62.1276,107791.0
1989-05-01,123.7,128.3,57.833,,61.7744,107913.0
1989-06-01,124.1,128.8,57.987,,61.7697,108027.0
1989-07-01,124.5,129.2,58.136,,61.1738,108069.0
1989-08-01,124.5,129.5,58.217,,61.7732,108120.0
1989-09-01,124.8,129.9,58.419,,61.5796,108369.0
1989-10-01,125.4,130.6,58.631,,61.4966,108476.0
1989-11-01,125.9,131.1,58.787,,61.7044,108752.0
1989-12-01,126.3,131.6,58.954,,62.0428,108836.0
1990-01-01,127.5,132.1,59.181,,61.729,109196.0
1990-02-01,128.0,132.7,59.468,,62.2896,109436.0
1990-03-01,128.6,133.5,59.754,,62.5999,109640.0
1990-04-01,128.9,134.0,59.932,,62.4359,109674.0
1990-05-01,129.1,134.4,60.115,,62.6258,109828.0
1990-06-01,129.9,135.1,60.349,,62.8382,109850.0
1990-07-01,130.5,135.8,60.501,,62.7284,109815.0
1990-08-01,131.6,136.6,60.753,,62.9475,109606.0
1990-09-01,132.5,137.1,60.965,,62.9523,109523.0
1990-10-01,133.4,137.6,61.172,,62.5845,109377.0
1990-11-01,133.7,138.0,61.246,,61.7887,109222.0
1990-12-01,134.2,138.6,61.331,,61.3352,109168.0
1991-01-01,134.7,139.5,61.637,,61.1355,109058.0
1991-02-01,134.8,140.2,61.807,,60.6838,108735.0
1991-03-01,134.8,140.5,61.936,,60.3346,108568.0
1991-04-01,135.1,140.9,62.06,,60.4938,108350.0
1991-05-01,135.6,141.3,62.307,,61.0633,108253.0
1991-06-01,136.0,141.8,62.442,,61.5581,108330.0
1991-07-01,136.2,142.3,62.632,,61.7305,108290.0
1991-08-01,136.6,142.9,62.804,,61.7298,108299.0
1991-09-01,137.0,143.4,63.055,,62.2195,108335.0
1991-10-01,137.2,143.7,63.194,,62.1855,108361.0
1991-11-01,137.8,144.2,63.312,,62.0871,108300.0
1991-12-01,138.2,144.7,63.468,,61.7852,108330.0
1992-01-01,138.3,145.1,63.641,159177.0,61.4616,108365.0
1992-02-01,138.6,145.4,63.814,159189.0,61.8955,108313.0
1992-03-01,139.1,145.9,63.973,158647.0,62.4232,108367.0
1992-04-01,139.4,146.3,64.183,159921.0,62.897,108517.0
1992-05-01,139.7,146.8,64.273,160471.0,63.104,108647.0
1992-06-01,140.1,147.1,64.323,161205.0,63.1363,108707.0
1992-07-01,140.5,147.6,64.566,162855.0,63.7176,108792.0
1992-08-01,140.8,147.9,64.625,162412.0,63.3613,108916.0
1992-09-01,141.1,148.1,64.73,164361.0,63.5703,108952.0
1992-10-01,141.7,148.8,64.979,166063.0,63.9995,109138.0
1992-11-01,142.1,149.2,65.121,166124.0,64.2422,109283.0
1992-12-01,142.3,149.6,65.242,167691.0,64.3507,109502.0
1993-01-01,142.8,150.1,65.432,169500.0,64.5978,109790.0
1993-02-01,143.1,150.6,65.557,168840.0,64.9089,110048.0
1993-03-01,143.3,150.8,65.7,167682.0,64.8522,110004.0
1993-04-01,143.8,151.4,65.891,172102.0,65.0301,110300.0
1993-05-01,144.2,151.8,66.114,172960.0,64.784,110571.0
1993-06-01,144.3,152.1,66.177,173018.0,64.9301,110742.0
1993-07-01,144.5,152.3,66.314,175822.0,65.1052,111054.0
1993-08-01,144.8,152.8,66.438,175233.0,65.0267,111200.0
1993-09-01,145.0,152.9,66.538,176608.0,65.3717,111449.0
1993-10-01,145.6,153.4,66.647,177588.0,65.8509,111734.0
1993-11-01,146.0,153.9,66.819,179758.0,66.1518,111988.0
1993-12-01,146.3,154.3,66.849,181077.0,66.5436,112324.0
1994-01-01,146.3,154.5,66.902,179615.0,66.7351,112601.0
1994-02-01,146.7,154.8,67.047,183101.0,66.774,112782.0
1994-03-01,147.1,155.3,67.275,186721.0,67.4552,113245.0
1994-04-01,147.2,155.5,67.376,186423.0,67.8541,113589.0
1994-05-01,147.5,155.9,67.526,185616.0,68.1663,113922.0
1994-06-01,147.9,156.4,67.676,187800.0,68.6265,114239.0
1994-07-01,148.4,156.7,67.818,188062.0,68.7178,114608.0
1994-08-01,149.0,157.1,67.894,190771.0,69.1785,114903.0
1994-09-01,149.3,157.5,67.997,192585.0,69.3961,115247.0
1994-10-01,149.4,157.8,68.157,193914.0,69.9544,115457.0
1994-11-01,149.8,158.2,68.282,194425.0,70.4326,115868.0
1994-12-01,150.1,158.3,68.305,194939.0,71.1523,116173.0
1995-01-01,150.5,159.0,68.475,195908.0,71.2734,116505.0
1995-02-01,150.9,159.4,68.587,193068.0,71.193,116694.0
1995-03-01,151.2,159.9,68.755,195179.0,71.3113,116908.0
1995-04-01,151.8,160.4,68.915,195310.0,71.1882,117065.0
1995-05-01,152.1,160.7,69.032,198060.0,71.5378,117047.0
1995-06-01,152.4,161.1,69.092,200383.0,71.7749,117291.0
1995-07-01,152.6,161.4,69.201,199110.0,71.4748,117382.0
1995-08-01,152.9,161.8,69.367,201078.0,72.4223,117646.0
1995-09-01,153.1,162.2,69.458,201337.0,72.7144,117873.0
1995-10-01,153.5,162.7,69.627,200597.0,72.5866,118026.0
1995-11-01,153.7,163.0,69.672,203545.0,72.7779,118165.0
1995-12-01,153.9,163.1,69.77,204032.0,73.0305,118325.0
1996-01-01,154.7,163.7,69.849,203793.0,72.6125,118317.0
1996-02-01,155.0,164.0,69.94,206875.0,73.6752,118737.0
1996-03-01,155.5,164.4,70.102,207650.0,73.585,118992.0
1996-04-01,156.1,164.6,70.197,209294.0,74.3172,119158.0
1996-05-01,156.4,165.0,70.319,211157.0,74.8726,119496.0
1996-06-01,156.7,165.4,70.373,209474.0,75.4433,119770.0
1996-07-01,157.0,165.7,70.505,210827.0,75.4549,120019.0
1996-08-01,157.2,166.0,70.566,210846.0,75.8411,120198.0
1996-09-01,157.7,166.5,70.78,213233.0,76.3158,120400.0
1996-10-01,158.2,166.8,70.948,215526.0,76.3384,120665.0
1996-11-01,158.7,167.2,71.041,215167.0,77.0397,120947.0
1996-12-01,159.1,167.4,71.068,215690.0,77.5333,121143.0
1997-01-01,159.4,167.8,71.144,218124.0,77.6562,121357.0
1997-02-01,159.7,168.1,71.29,219587.0,78.5833,121674.0
1997-03-01,159.8,168.4,71.46,221189.0,79.082,121991.0
1997-04-01,159.9,168.9,71.6,217925.0,79.1747,122288.0
1997-05-01,159.9,169.2,71.652,217771.0,79.6133,122560.0
1997-06-01,160.2,169.4,71.758,220233.0,79.9792,122816.0
1997-07-01,160.4,169.7,71.807,222985.0,80.6624,123114.0
1997-08-01,160.8,169.8,71.778,223120.0,81.4694,123086.0
1997-09-01,161.2,170.2,71.927,224509.0,82.2156,123575.0
1997-10-01,161.5,170.6,72.036,224300.0,82.9446,123924.0
1997-11-01,161.7,170.8,72.058,223718.0,83.5978,124226.0
1997-12-01,161.8,171.2,72.1,225236.0,83.9538,124549.0
1998-01-01,162.0,171.6,72.21,225954.0,84.3218,124806.0
1998-02-01,162.0,171.9,72.272,225746.0,84.4583,125017.0
1998-03-01,162.0,172.2,72.349,226889.0,84.488,125165.0
1998-04-01,162.2,172.5,72.482,230409.0,84.7779,125446.0
1998-05-01,162.6,172.9,72.552,230995.0,85.3367,125846.0
1998-06-01,162.8,173.2,72.461,233207.0,84.8248,126076.0
1998-07-01,163.2,173.5,72.665,231551.0,84.4986,126211.0
1998-08-01,163.4,174.0,72.807,229792.0,86.248,126546.0
1998-09-01,163.5,174.2,72.795,232308.0,86.2021,126744.0
1998-10-01,163.9,174.4,72.937,236174.0,86.7914,126948.0
1998-11-01,164.1,174.8,72.95,237592.0,86.7256,127223.0
1998-12-01,164.4,175.4,73.076,240140.0,87.1185,127595.0
1999-01-01,164.7,175.6,73.18,240269.0,87.4949,127699.0
1999-02-01,164.7,175.6,73.155,243346.0,88.027,128118.0
1999-03-01,164.8,175.7,73.177,244687.0,88.2267,128234.0
1999-04-01,165.9,176.3,73.365,246628.0,88.4295,128596.0
1999-05-01,166.0,176.5,73.435,248367.0,88.9886,128813.0
1999-06-01,166.0,176.6,73.474,249329.0,88.9188,129084.0
1999-07-01,166.7,177.1,73.606,251263.0,89.4333,129421.0
1999-08-01,167.1,177.3,73.642,253844.0,89.7924,129572.0
1999-09-01,167.8,177.8,73.837,255029.0,89.4299,129772.0
1999-10-01,168.1,178.1,73.963,254816.0,90.523,130178.0
1999-11-01,168.4,178.4,74.034,258133.0,90.9618,130467.0
1999-12-01,168.8,178.7,74.128,263311.0,91.6634,130783.0
2000-01-01,169.3,179.3,74.306,261545.0,91.538,131011.0
2000-02-01,170.0,179.4,74.415,265686.0,91.8239,131121.0
2000-03-01,171.0,180.0,74.568,269019.0,92.1504,131604.0
2000-04-01,170.9,180.3,74.617,264067.0,92.6989,131883.0
2000-05-01,171.2,180.7,74.697,265992.0,92.9499,132105.0
2000-06-01,172.2,181.1,74.754,267750.0,92.9862,132062.0
2000-07-01,172.7,181.5,74.925,265683.0,92.8048,132228.0
2000-08-01,172.7,181.9,75.021,266885.0,92.5521,132234.0
2000-09-01,173.6,182.3,75.203,270523.0,92.9792,132338.0
2000-10-01,173.9,182.6,75.308,270339.0,92.6179,132352.0
2000-11-01,174.2,183.1,75.441,268850.0,92.6438,132556.0
2000-12-01,174.6,183.3,75.515,268338.0,92.3415,132716.0
2001-01-01,175.6,183.9,75.796,272881.0,91.902,132703.0
2001-02-01,176.0,184.4,75.93,272627.0,91.3034,132788.0
2001-03-01,176.1,184.7,76.009,269820.0,91.1162,132751.0
2001-04-01,176.4,185.1,76.13,274410.0,90.7891,132457.0
2001-05-01,177.3,185.3,76.148,275769.0,90.3555,132409.0
2001-06-01,177.7,186.0,76.318,274474.0,89.8784,132299.0
2001-07-01,177.4,186.4,76.515,273098.0,89.3028,132171.0
2001-08-01,177.4,186.7,76.553,275659.0,89.2003,132021.0
2001-09-01,178.1,187.1,76.118,268652.0,88.7485,131763.0
2001-10-01,177.6,187.4,76.654,288632.0,88.5052,131452.0
2001-11-01,177.5,188.1,76.81,280033.0,87.97,131144.0
2001-12-01,177.4,188.4,76.828,276302.0,87.9324,130983.0
2002-01-01,177.7,188.7,76.871,277135.0,88.5176,130859.0
2002-02-01,178.0,189.1,77.018,278869.0,88.5278,130736.0
2002-03-01,178.5,189.2,77.11,278079.0,89.1686,130722.0
2002-04-01,179.3,189.7,77.325,281147.0,89.604,130615.0
2002-05-01,179.5,190.0,77.411,278966.0,89.964,130632.0
2002-06-01,179.6,190.2,77.534,280426.0,90.7061,130673.0
2002-07-01,180.0,190.5,77.692,284161.0,90.6769,130583.0
2002-08-01,180.5,191.1,77.845,285884.0,90.5762,130582.0
2002-09-01,180.8,191.3,77.972,281064.0,90.6531,130503.0
2002-10-01,181.2,191.5,78.038,282940.0,90.4643,130617.0
2002-11-01,181.5,191.9,78.114,283408.0,90.9711,130616.0
2002-12-01,181.8,192.1,78.187,286646.0,90.4652,130465.0
2003-01-01,182.6,192.4,78.24,288657.0,91.2361,130573.0
2003-02-01,183.6,192.5,78.348,284696.0,91.3445,130441.0
2003-03-01,183.9,192.5,78.474,288177.0,91.1044,130235.0
2003-04-01,183.2,192.5,78.561,289053.0,90.5617,130172.0
2003-05-01,182.9,192.9,78.674,289619.0,90.537,130196.0
2003-06-01,183.1,193.0,78.718,293671.0,90.6527,130185.0
2003-07-01,183.7,193.4,78.915,296207.0,91.1185,130184.0
2003-08-01,184.5,193.6,79.004,299592.0,90.9197,130153.0
2003-09-01,185.1,193.7,79.114,298921.0,91.5059,130253.0
2003-10-01,184.9,194.0,79.26,298205.0,91.6186,130440.0
2003-11-01,185.0,194.0,79.368,299433.0,92.2329,130481.0
2003-12-01,185.5,194.2,79.467,300702.0,92.2602,130589.0
2004-01-01,186.3,194.6,79.671,301993.0,92.4006,130756.0
2004-02-01,186.7,194.9,79.8,303915.0,92.958,130820.0
2004-03-01,187.1,195.5,79.934,309471.0,92.5861,131139.0
2004-04-01,187.4,195.9,80.142,307358.0,92.93,131412.0
2004-05-01,188.2,196.2,80.252,311088.0,93.6013,131697.0
2004-06-01,188.9,196.6,80.379,309127.0,92.871,131794.0
2004-07-01,189.1,196.8,80.474,311681.0,93.5649,131853.0
2004-08-01,189.2,196.9,80.505,311192.0,93.6277,131940.0
2004-09-01,189.8,197.5,80.656,317446.0,93.7467,132091.0
2004-10-01,190.8,197.9,80.831,318476.0,94.5465,132431.0
2004-11-01,191.7,198.3,81.005,320520.0,94.7813,132504.0
2004-12-01,191.7,198.6,81.109,324672.0,95.5365,132629.0
2005-01-01,191.6,199.0,81.401,321272.0,95.8801,132781.0
2005-02-01,192.4,199.4,81.536,325308.0,96.5761,133033.0
2005-03-01,193.1,200.1,81.737,326179.0,96.4456,133152.0
2005-04-01,193.7,200.2,81.831,329124.0,96.6532,133519.0
2005-05-01,193.6,200.5,81.999,327233.0,96.7402,133689.0
2005-06-01,193.7,200.6,82.056,337219.0,97.1753,133947.0
2005-07-01,194.9,200.9,82.176,339529.0,96.8676,134300.0
2005-08-01,196.1,201.1,82.243,335605.0,97.1833,134503.0
2005-09-01,198.8,201.3,82.425,336600.0,95.3005,134554.0
2005-10-01,199.1,202.0,82.662,336753.0,96.4572,134643.0
2005-11-01,198.1,202.5,82.873,339719.0,97.5414,134999.0
2005-12-01,198.1,202.8,82.959,339895.0,98.0452,135158.0
2006-01-01,199.3,203.2,83.145,349664.0,98.1999,135426.0
2006-02-01,199.4,203.6,83.279,347021.0,98.2413,135731.0
2006-03-01,199.7,204.3,83.509,348357.0,98.4628,136036.0
2006-04-01,200.7,204.8,83.764,350072.0,98.7618,136208.0
2006-05-01,201.3,205.4,83.974,348889.0,98.7869,136249.0
2006-06-01,201.8,205.9,84.186,350795.0,99.0997,136335.0
2006-07-01,202.9,206.3,84.268,351916.0,99.0489,136529.0
2006-08-01,203.8,206.8,84.44,353285.0,99.4836,136693.0
2006-09-01,202.8,207.2,84.573,351240.0,99.3183,136829.0
2006-10-01,201.9,207.6,84.726,351035.0,99.2044,136846.0
2006-11-01,202.0,207.8,84.766,352116.0,99.1627,137061.0
2006-12-01,203.1,208.1,84.88,356367.0,100.1735,137249.0
2007-01-01,203.437,208.6,85.224,355792.0,99.8346,137472.0
2007-02-01,204.226,209.135,85.408,356545.0,100.7753,137558.0
2007-03-01,205.288,209.418,85.494,359415.0,100.9547,137782.0
2007-04-01,205.904,209.747,85.616,358562.0,101.6334,137845.0
2007-05-01,206.755,210.058,85.717,363085.0,101.7306,137993.0
2007-06-01,207.234,210.392,85.859,360234.0,101.7893,138069.0
2007-07-01,207.603,210.773,85.988,361770.0,101.6672,138044.0
2007-08-01,207.667,211.119,86.116,363676.0,101.863,138013.0
2007-09-01,208.547,211.554,86.351,365178.0,102.0894,138101.0
2007-10-01,209.19,212.077,86.576,367322.0,101.8015,138177.0
2007-11-01,210.834,212.66,86.746,370776.0,102.3446,138291.0
2007-12-01,211.445,213.168,86.92,366569.0,102.3803,138395.0
2008-01-01,212.174,213.771,87.093,367368.0,102.2448,138391.0
2008-02-01,212.687,213.939,87.178,364126.0,101.8438,138327.0
2008-03-01,213.448,214.42,87.349,365164.0,101.5336,138257.0
2008-04-01,213.942,214.56,87.4,364816.0,100.8785,138038.0
2008-05-01,215.208,214.936,87.559,368255.0,100.2674,137851.0
2008-06-01,217.463,215.424,87.76,368926.0,100.0335,137698.0
2008-07-01,219.016,215.965,87.918,367594.0,99.676,137498.0
2008-08-01,218.69,216.393,88.026,364611.0,98.1111,137211.0
2008-09-01,218.877,216.713,88.116,358991.0,93.7895,136762.0
2008-10-01,216.995,216.788,87.991,346137.0,94.7219,136293.0
2008-11-01,213.153,216.947,87.952,332498.0,93.4715,135543.0
2008-12-01,211.398,216.925,87.909,324767.0,90.8357,134847.0
2009-01-01,211.933,217.346,87.882,329787.0,88.57,134078.0
2009-02-01,212.705,217.792,87.952,328376.0,88.031,133317.0
2009-03-01,212.495,218.253,88.015,322634.0,86.6528,132492.0
2009-04-01,212.709,218.706,88.211,324323.0,85.9344,131821.0
2009-05-01,213.022,218.904,88.279,327011.0,85.0665,131468.0
2009-06-01,214.79,219.112,88.392,332227.0,84.7459,131007.0
2009-07-01,214.726,219.263,88.468,333670.0,85.7027,130662.0
2009-08-01,215.445,219.496,88.599,339586.0,86.6426,130472.0
2009-09-01,215.861,219.92,88.755,330998.0,87.4063,130247.0
2009-10-01,216.509,220.501,89.082,334595.0,87.6419,130062.0
2009-11-01,217.234,220.666,89.16,337321.0,88.0221,130058.0
2009-12-01,217.347,220.881,89.236,338736.0,88.3793,129808.0
2010-01-01,217.488,220.633,89.368,339093.0,89.3426,129802.0
2010-02-01,217.281,220.731,89.446,339580.0,89.6779,129705.0
2010-03-01,217.353,220.783,89.579,346974.0,90.2928,129865.0
2010-04-01,217.403,220.822,89.625,349869.0,90.5991,130120.0
2010-05-01,217.29,220.962,89.724,346858.0,91.823,130643.0
2010-06-01,217.199,221.194,89.767,346516.0,91.9928,130509.0
2010-07-01,217.605,221.363,89.769,347612.0,92.3421,130415.0
2010-08-01,217.923,221.509,89.855,349188.0,92.6805,130416.0
2010-09-01,218.275,221.711,89.906,352179.0,92.9537,130342.0
2010-10-01,219.035,221.83,90.043,356215.0,92.6903,130621.0
2010-11-01,219.59,222.149,90.16,359450.0,92.7709,130749.0
2010-12-01,220.472,222.343,90.179,361979.0,93.6787,130830.0
2011-01-01,221.187,222.803,90.372,364394.0,93.4814,130837.0
2011-02-01,221.898,223.213,90.53,367475.0,93.1102,131056.0
2011-03-01,223.046,223.454,90.667,370775.0,94.0788,131282.0
2011-04-01,224.093,223.727,90.875,372820.0,93.7749,131597.0
2011-05-01,224.806,224.175,91.091,372505.0,93.888,131704.0
2011-06-01,224.806,224.697,91.191,375587.0,94.172,131931.0
2011-07-01,225.395,225.218,91.326,375442.0,94.636,131993.0
2011-08-01,226.106,225.862,91.508,375860.0,95.2749,132125.0
2011-09-01,226.597,226.118,91.57,380042.0,95.1961,132344.0
2011-10-01,226.75,226.506,91.614,382207.0,95.8568,132553.0
2011-11-01,227.169,226.899,91.808,383422.0,95.8485,132690.0
2011-12-01,227.223,227.405,91.96,383985.0,96.3571,132888.0
2012-01-01,227.842,227.877,92.235,387531.0,96.9318,133245.0
2012-02-01,228.329,228.034,92.364,392310.0,97.2435,133508.0
2012-03-01,228.807,228.478,92.521,393698.0,96.74,133748.0
2012-04-01,229.187,228.905,92.661,392073.0,97.4359,133825.0
2012-05-01,228.713,229.224,92.755,391376.0,97.6609,133933.0
2012-06-01,228.524,229.623,92.85,387901.0,97.6663,134012.0
2012-07-01,228.59,229.97,92.946,389686.0,97.8713,134157.0
2012-08-01,229.918,230.233,93.005,394524.0,97.4525,134338.0
2012-09-01,231.015,230.659,93.119,397681.0,97.381,134517.0
2012-10-01,231.638,231.024,93.345,397494.0,97.7193,134668.0
2012-11-01,231.249,231.33,93.445,399708.0,98.0777,134825.0
2012-12-01,231.221,231.725,93.514,401093.0,98.3101,135074.0
2013-01-01,231.679,232.229,93.703,404434.0,98.3342,135257.0
2013-02-01,232.937,232.569,93.805,409118.0,98.7941,135545.0
2013-03-01,232.282,232.794,93.891,406223.0,99.1921,135689.0
2013-04-01,231.797,232.832,93.937,404231.0,99.1065,135873.0
2013-05-01,231.893,232.996,94.047,406677.0,99.1839,136095.0
2013-06-01,232.445,233.35,94.209,407921.0,99.3897,136279.0
2013-07-01,232.9,233.88,94.329,410268.0,99.0814,136391.0
2013-08-01,233.456,234.336,94.431,409691.0,99.6543,136646.0
2013-09-01,233.544,234.7,94.543,410044.0,100.161,136821.0
2013-10-01,233.669,234.921,94.703,411399.0,100.082,137041.0
2013-11-01,234.1,235.359,94.86,412561.0,100.3158,137316.0
2013-12-01,234.719,235.759,94.961,414812.0,100.5175,137373.0
2014-01-01,235.288,235.961,95.064,411561.0,100.1599,137561.0
2014-02-01,235.547,236.185,95.109,416736.0,100.9168,137712.0
2014-03-01,236.028,236.625,95.25,421230.0,101.8942,137985.0
2014-04-01,236.468,237.072,95.413,425546.0,101.9928,138297.0
2014-05-01,236.918,237.529,95.574,426253.0,102.3836,138512.0
2014-06-01,237.231,237.837,95.682,427305.0,102.735,138849.0
2014-07-01,237.498,238.195,95.848,428079.0,102.9632,139073.0
2014-08-01,237.46,238.405,95.885,431379.0,102.7688,139269.0
2014-09-01,237.477,238.786,96.013,430189.0,103.0641,139563.0
2014-10-01,237.43,239.191,96.096,431903.0,103.0764,139797.0
2014-11-01,236.983,239.458,96.181,433113.0,103.7126,140090.0
2014-12-01,236.252,239.584,96.249,430110.0,103.7044,140364.0
2015-01-01,234.747,239.811,96.214,428208.0,102.8905,140568.0
2015-02-01,235.342,240.172,96.324,427119.0,102.2335,140827.0
2015-03-01,235.976,240.755,96.47,433647.0,101.8914,140923.0
2015-04-01,236.222,241.346,96.648,434470.0,101.3355,141196.0
2015-05-01,237.001,241.688,96.766,437865.0,100.8883,141538.0
2015-06-01,237.657,242.064,96.882,437951.0,100.571,141709.0
2015-07-01,238.034,242.565,96.978,441942.0,101.2228,141991.0
2015-08-01,238.033,242.817,97.056,441849.0,101.0367,142125.0
2015-09-01,237.498,243.316,97.196,439867.0,100.7547,142275.0
2015-10-01,237.733,243.768,97.228,438693.0,100.2675,142579.0
2015-11-01,238.017,244.241,97.332,440303.0,99.5298,142808.0
2015-12-01,237.761,244.547,97.396,442149.0,99.0417,143077.0
2016-01-01,237.652,244.955,97.567,439466.0,99.5607,143210.0
2016-02-01,237.336,245.51,97.736,443117.0,99.0445,143407.0
2016-03-01,238.08,245.913,97.876,441856.0,98.3096,143662.0
2016-04-01,238.992,246.551,98.117,444254.0,98.6421,143855.0
2016-05-01,239.557,247.137,98.284,445490.0,98.4184,143900.0
2016-06-01,240.222,247.54,98.386,450237.0,98.8833,144146.0
2016-07-01,240.101,247.829,98.529,449789.0,98.9992,144520.0
2016-08-01,240.545,248.423,98.703,449946.0,98.85,144662.0
2016-09-01,241.176,248.842,98.834,453056.0,98.7457,144967.0
2016-10-01,241.741,249.142,98.961,453847.0,98.7611,145066.0
2016-11-01,242.026,249.481,99.005,453892.0,98.3491,145183.0
2016-12-01,242.637,249.92,99.12,459305.0,99.0214,145408.0
2017-01-01,243.618,250.467,99.385,464412.0,98.7611,145628.0
2017-02-01,244.006,250.998,99.561,464284.0,98.3646,145848.0
2017-03-01,243.892,250.944,99.519,463674.0,99.0137,145969.0
2017-04-01,244.193,251.227,99.723,465276.0,100.0224,146174.0
2017-05-01,244.004,251.43,99.803,462754.0,100.1408,146380.0
2017-06-01,244.163,251.746,99.937,465130.0,100.3471,146583.0
2017-07-01,244.243,251.985,100.01,465089.0,100.1068,146772.0
2017-08-01,245.183,252.535,100.118,466020.0,99.6925,146919.0
2017-09-01,246.435,252.812,100.24,475724.0,99.7954,147007.0
2017-10-01,246.626,253.526,100.486,476107.0,101.0247,147150.0
2017-11-01,247.284,253.816,100.535,480949.0,101.2664,147373.0
2017-12-01,247.805,254.344,100.683,483586.0,101.4644,147523.0
2018-01-01,248.859,255.204,101.007,481414.0,101.4625,147660.0
2018-02-01,249.529,255.711,101.198,484031.0,101.7085,148054.0
2018-03-01,249.577,256.271,101.419,484110.0,102.2067,148280.0
2018-04-01,250.227,256.63,101.602,484154.0,103.3329,148422.0
2018-05-01,250.792,257.145,101.78,491960.0,102.4024,148740.0
2018-06-01,251.018,257.399,101.872,490228.0,103.198,148959.0
2018-07-01,251.214,257.699,102.006,493142.0,103.3646,149020.0
2018-08-01,251.663,257.891,102.016,493445.0,104.0327,149279.0
2018-09-01,252.182,258.368,102.205,491507.0,104.1004,149358.0
2018-10-01,252.772,258.917,102.366,496416.0,103.9856,149526.0
2018-11-01,252.594,259.439,102.556,498854.0,104.0681,149617.0
2018-12-01,252.767,260.063,102.735,489113.0,104.0936,149809.0
2019-01-01,252.561,260.766,102.87,490440.0,103.4021,150059.0
2019-02-01,253.319,261.186,102.963,491751.0,102.8371,150065.0
2019-03-01,254.277,261.567,103.058,499292.0,102.8757,150295.0
2019-04-01,255.233,261.997,103.265,499343.0,102.274,150593.0
2019-05-01,255.296,262.217,103.371,504741.0,102.392,150621.0
2019-06-01,255.213,262.739,103.56,505251.0,102.4375,150839.0
2019-07-01,255.802,263.28,103.678,509091.0,101.9408,150936.0
2019-08-01,256.036,263.877,103.797,512561.0,102.639,151171.0
2019-09-01,256.43,264.388,103.873,509282.0,102.2917,151365.0
2019-10-01,257.155,264.97,104.028,510648.0,101.4281,151460.0
2019-11-01,257.879,265.548,104.092,514215.0,101.9372,151668.0
2019-12-01,258.63,266.02,104.322,515866.0,101.7003,151795.0
2020-01-01,259.127,266.716,104.507,515119.0,101.0338,152031.0
2020-02-01,259.25,267.37,104.711,515330.0,101.3735,152292.0
2020-03-01,258.076,267.054,104.632,468324.0,97.4078,150895.0
2020-04-01,256.032,265.746,104.293,401028.0,84.5619,130424.0
2020-05-01,255.802,265.412,104.402,478449.0,85.9604,133040.0
2020-06-01,257.042,265.849,104.565,518038.0,91.5934,137671.0
2020-07-01,258.352,267.389,104.937,526304.0,95.0256,139255.0
2020-08-01,259.316,268.422,105.243,530735.0,95.9549,140819.0
2020-09-01,259.997,268.933,105.41,541302.0,95.9669,141770.0
2020-10-01,260.319,269.306,105.507,539114.0,96.7394,142461.0
2020-11-01,260.911,269.981,105.605,533941.0,97.0816,142731.0
2020-12-01,262.045,270.341,105.896,538548.0,98.363,142548.0
2021-01-01,262.639,270.416,106.281,559230.0,98.8822,142913.0
2021-02-01,263.573,270.776,106.501,544891.0,95.6149,143422.0
2021-03-01,264.847,271.453,106.933,603581.0,98.3856,144246.0
2021-04-01,266.625,273.626,107.558,608961.0,98.5587,144611.0
2021-05-01,268.404,275.457,108.099,605282.0,99.4333,145032.0
2021-06-01,270.71,277.608,108.603,611950.0,99.7987,145828.0
2021-07-01,271.965,278.639,109.058,601817.0,100.2519,146759.0
2021-08-01,272.752,279.021,109.409,605533.0,100.0437,147246.0
2021-09-01,273.942,279.727,109.641,609671.0,98.8579,147712.0
2021-10-01,276.528,281.649,110.188,618573.0,100.1861,148569.0
2021-11-01,278.824,283.411,110.77,624874.0,100.8654,149206.0
2021-12-01,280.806,285.221,111.418,619938.0,100.5726,149781.0
2022-01-01,282.542,286.799,111.976,631509.0,100.1856,150006.0
2022-02-01,284.525,288.256,112.468,638101.0,100.8064,150875.0
2022-03-01,287.467,289.044,112.914,651027.0,101.3907,151346.0
2022-04-01,288.582,290.474,113.307,660194.0,101.44,151651.0
2022-05-01,291.299,292.039,113.703,659847.0,101.3335,151892.0
2022-06-01,295.072,294.009,114.376,666113.0,101.018,152353.0
2022-07-01,294.94,295.08,114.628,659550.0,101.223,153049.0
2022-08-01,295.162,296.582,115.276,663566.0,101.0963,153286.0
2022-09-01,296.421,298.281,115.788,661854.0,101.2918,153513.0
2022-10-01,297.979,299.381,116.204,668671.0,101.2529,153913.0
2022-11-01,298.708,300.316,116.539,659458.0,100.9552,154210.0
2022-12-01,298.808,301.433,116.952,651763.0,99.7664,154336.0
2023-01-01,300.456,302.685,117.505,680253.0,100.505,154780.0
2023-02-01,301.476,304.097,117.929,672152.0,100.6416,155086.0
2023-03-01,301.643,305.123,118.315,665071.0,101.0205,155171.0
2023-04-01,302.858,306.49,118.734,670494.0,101.253,155387.0
2023-05-01,303.316,307.623,119.083,673902.0,100.9286,155614.0
2023-06-01,304.099,308.291,119.39,677117.0,100.1196,155871.0
2023-07-01,304.615,308.959,119.556,678424.0,100.9067,156019.0
2023-08-01,306.138,309.646,119.689,684755.0,100.8393,156176.0
2023-09-01,307.374,310.616,120.058,689403.0,101.0211,156334.0
2023-10-01,307.653,311.433,120.241,686148.0,100.4689,156520.0
2023-11-01,308.087,312.373,120.374,685328.0,100.8639,156661.0
2023-12-01,308.735,313.23,120.592,686277.0,100.6031,156930.0
2024-01-01,309.794,314.389,121.217,680456.0,99.2223,157049.0
2024-02-01,311.022,315.555,121.537,685280.0,100.285,157271.0
2024-03-01,312.107,316.762,122.009,687641.0,100.4575,157517.0
2024-04-01,313.016,317.596,122.304,687602.0,100.2434,157635.0
2024-05-01,313.14,318.053,122.383,692774.0,100.863,157828.0
2024-06-01,313.131,318.343,122.677,692449.0,100.894,157915.0
2024-07-01,313.566,318.933,122.911,698835.0,99.9757,158003.0
2024-08-01,314.131,319.839,123.128,697039.0,100.4309,158074.0
2024-09-01,314.851,320.835,123.466,703285.0,99.8084,158314.0
2024-10-01,315.564,321.688,123.832,707613.0,99.4695,158358.0
2024-11-01,316.449,322.619,123.962,712145.0,99.2925,158619.0
2024-12-01,317.603,323.296,124.196,717662.0,100.3273,158942.0
2025-01-01,319.086,324.739,124.587,711461.0,100.0647,159053.0
2025-02-01,319.775,325.475,125.145,711757.0,101.0993,159155.0
2025-03-01,319.615,325.659,125.267,722572.0,101.0404,159275.0
2025-04-01,320.321,326.43,125.502,721789.0,101.2408,159433.0
2025-05-01,320.58,326.854,125.79,716101.0,101.1357,159452.0
2025-06-01,321.5,327.6,126.121,723033.0,101.565,159439.0
2025-07-01,322.132,328.656,126.418,727727.0,101.3472,159511.0
2025-08-01,323.364,329.793,126.705,732059.0,101.2704,159507.0
2025-09-01,324.368,330.542,,733258.0,,159626.0
